Group Number,Original Response ID,Original Content Hash,Original Status,Total Duplicates,Excluded (Abandoned/Terminated),Valid Duplicates,Same Content Hash Count,Different Content Hash Count,Duplicate Response ID,Duplicate Status,Duplicate Content Hash,Mismatch Reason
300,3e05789f-9375-4148-a57c-e3c67267350f,d101c4e95ae8208c,abandoned,246,244,2,0,2,358ddc23-3948-463d-941b-6dcf58c72423,Pending_Approval,c613146021ffed9a,"Different interviewer ObjectId"
300,3e05789f-9375-4148-a57c-e3c67267350f,d101c4e95ae8208c,abandoned,246,244,2,0,2,f2e27d2c-ca4c-42bb-9440-0ff309ddf76a,Pending_Approval,8ec36a61e4463f4f,"Different interviewer ObjectId"
365,49f654dd-d27e-4687-bd0a-f37eb0fec9ce,97c0aa47994e456a,abandoned,204,202,2,1,1,06c0bc5b-e551-4732-805c-5ad3c5d4f620,Pending_Approval,97c0aa47994e456a,SAME - Detected by system
365,49f654dd-d27e-4687-bd0a-f37eb0fec9ce,97c0aa47994e456a,abandoned,204,202,2,1,1,28c78750-6465-48da-bac3-cd02267909a7,Pending_Approval,49cfb522c5cb6a27,"Different interviewer ObjectId"
623,3bd07443-79f4-44bb-a8bd-7eb75bab22bf,d98a69143672f5a1,abandoned,172,169,3,1,2,8586ddb1-ddd8-4193-b2e7-0ef7d52eeb23,Pending_Approval,d98a69143672f5a1,SAME - Detected by system
623,3bd07443-79f4-44bb-a8bd-7eb75bab22bf,d98a69143672f5a1,abandoned,172,169,3,1,2,da2984cf-fca8-4e7f-8e1b-d9a08a5bf176,Pending_Approval,d54bd76c99a7e97f,"Different interviewer ObjectId"
623,3bd07443-79f4-44bb-a8bd-7eb75bab22bf,d98a69143672f5a1,abandoned,172,169,3,1,2,ebbe33d2-c8c0-422a-8ce4-aae9a507141a,Pending_Approval,a82ecb8429b7cd08,"Different interviewer ObjectId"
287,e64db953-f4ea-4d03-8f05-7ad58e764409,db0edab8a5e10514,abandoned,162,160,2,1,1,85b6cfd2-62af-431f-af63-37607dcfba46,Pending_Approval,db0edab8a5e10514,SAME - Detected by system
287,e64db953-f4ea-4d03-8f05-7ad58e764409,db0edab8a5e10514,abandoned,162,160,2,1,1,a1ca1576-04ea-42f4-bb90-be31b35e9287,Pending_Approval,262dffda1d94317b,"Different interviewer ObjectId"
304,4a8635b1-8810-4025-b128-f68266c3bcd3,9853d151d3cb9201,abandoned,152,150,2,0,2,521123cb-3b42-4caa-b0ab-282e11974492,Pending_Approval,2986412120cff6e4,"Different interviewer ObjectId"
304,4a8635b1-8810-4025-b128-f68266c3bcd3,9853d151d3cb9201,abandoned,152,150,2,0,2,fdac365c-fb1f-4e81-8004-45a7fa5b846a,Pending_Approval,7d6c5d4343c751d0,"Different interviewer ObjectId"
847,64caacfc-6757-4fa8-b096-98843e9070bc,570661bb7f5557dd,abandoned,124,121,3,1,2,f8e2bcc9-c12c-4d47-b639-84bb0114a951,Pending_Approval,570661bb7f5557dd,SAME - Detected by system
847,64caacfc-6757-4fa8-b096-98843e9070bc,570661bb7f5557dd,abandoned,124,121,3,1,2,daeed2b1-6a5c-47f3-8973-0587270ceff5,Pending_Approval,bfaa5d7f345e9f02,"Different interviewer ObjectId"
847,64caacfc-6757-4fa8-b096-98843e9070bc,570661bb7f5557dd,abandoned,124,121,3,1,2,58f19de7-f65e-47a8-b1f2-fd5080b0bd3d,Pending_Approval,9a4d6126ce838ccf,"Different interviewer ObjectId"
762,70db6fb1-2d3e-4709-b34a-e763806c183e,d38326cef6e4abae,abandoned,114,112,2,1,1,56a6b09b-3aa3-416d-b394-758466599f8c,Pending_Approval,d38326cef6e4abae,SAME - Detected by system
762,70db6fb1-2d3e-4709-b34a-e763806c183e,d38326cef6e4abae,abandoned,114,112,2,1,1,be7bf61d-f06e-487f-bb39-dfce77cd2e14,Pending_Approval,749264aa2a9fa533,"Different interviewer ObjectId"
1304,cf359da3-a766-4808-b925-f16f18153987,264fa89bf863db87,Pending_Approval,111,108,3,0,3,68d5defc-3072-4701-ae91-ac6e5483be6d,Pending_Approval,c6a5228a7cf257f9,"Different interviewer ObjectId"
1304,cf359da3-a766-4808-b925-f16f18153987,264fa89bf863db87,Pending_Approval,111,108,3,0,3,e1565328-8f3b-471c-b6a6-4ee16323ee68,Pending_Approval,9f843a4bf89b687b,"Different interviewer ObjectId"
1304,cf359da3-a766-4808-b925-f16f18153987,264fa89bf863db87,Pending_Approval,111,108,3,0,3,f684cedc-1f7d-40ed-b09e-94561fe713bf,Pending_Approval,3f0db4dcb34232ba,"Different interviewer ObjectId"
298,14fbf514-81f8-4feb-b018-ffa732b35d3e,a27b8173569ad24e,abandoned,110,108,2,1,1,c7617c3e-bf46-4f80-bc0c-42f6d9b59a28,Pending_Approval,a27b8173569ad24e,SAME - Detected by system
298,14fbf514-81f8-4feb-b018-ffa732b35d3e,a27b8173569ad24e,abandoned,110,108,2,1,1,d187db4e-ed98-434d-a8fa-3b9d2f17c50a,Pending_Approval,6d08e425a6fbed5f,"Different interviewer ObjectId"
458,367e81af-d3ef-4671-877a-8c20cfa50786,6dc45bf8e4a1a71a,abandoned,101,100,1,0,1,06d7b306-5525-45f4-afee-f52b2e9c8bbb,Pending_Approval,ca29458526fea760,"Different interviewer ObjectId"
932,dba34d6d-3383-462e-ac95-395577772348,bc90255807e02e63,abandoned,100,98,2,1,1,0d324621-bdd4-413a-8291-e18ca2a51c7d,Pending_Approval,bc90255807e02e63,SAME - Detected by system
932,dba34d6d-3383-462e-ac95-395577772348,bc90255807e02e63,abandoned,100,98,2,1,1,73e4b4b7-8871-4397-bfdd-df68ca42c92a,Pending_Approval,64ebbb8267ea71c0,"Different interviewer ObjectId"
1179,e63cab88-56e8-484b-bb0d-c5002b085d77,ea0b80cc699b9da7,Pending_Approval,99,98,1,0,1,9afbbbb3-5d4b-4064-9527-cac62065ba38,Rejected,7d61425b4d0f9ffb,"Different interviewer ObjectId"
355,298303b8-4019-47f6-a71b-9ef9d761d048,ba545a3e8dd524a2,abandoned,78,77,1,0,1,6d56649b-e0af-4ddc-9b33-103306011f3f,Pending_Approval,b37309c47ddc6d85,"Different interviewer ObjectId"
701,643889d0-22ee-47da-a81f-e34b606cb2c5,1e1aecd4471f1055,abandoned,68,65,3,0,3,23cccc79-bd3e-4c11-8ff4-69b15ea14115,Pending_Approval,7be2c9584f9a7dbd,"Different interviewer ObjectId"
701,643889d0-22ee-47da-a81f-e34b606cb2c5,1e1aecd4471f1055,abandoned,68,65,3,0,3,3d03210f-9d63-4eee-9ba9-c8637c7375af,Pending_Approval,04ba601d611b8825,"Different interviewer ObjectId"
701,643889d0-22ee-47da-a81f-e34b606cb2c5,1e1aecd4471f1055,abandoned,68,65,3,0,3,a809aff0-bfbe-49ca-a21c-a3d6c55a1842,Pending_Approval,40ea005ca563f7c5,"Different interviewer ObjectId"
674,cb4682ff-2de9-4cb4-81d3-ed768cd54258,fec37822a4d36e52,abandoned,67,64,3,0,3,2e7060ff-f790-44b2-a44e-32ee0ccbf541,Pending_Approval,09fcf65d18d02792,"Different interviewer ObjectId"
674,cb4682ff-2de9-4cb4-81d3-ed768cd54258,fec37822a4d36e52,abandoned,67,64,3,0,3,7c23d624-8472-4392-9d61-833d13c9cbf6,Pending_Approval,b89b98224c679c20,"Different interviewer ObjectId"
674,cb4682ff-2de9-4cb4-81d3-ed768cd54258,fec37822a4d36e52,abandoned,67,64,3,0,3,7a29d38f-97d5-41a9-896c-fa9bbbf4c1fe,Pending_Approval,907e2978323b26ed,"Different interviewer ObjectId"
366,d0ee4d94-c88c-45fb-9cab-93ac2e88076d,afb9418e965e781a,abandoned,59,57,2,1,1,e330672f-2fc5-4708-97de-90d199c261c9,Pending_Approval,afb9418e965e781a,SAME - Detected by system
366,d0ee4d94-c88c-45fb-9cab-93ac2e88076d,afb9418e965e781a,abandoned,59,57,2,1,1,b23fb797-eeb0-43a2-a1e1-42ab0be1db1a,Pending_Approval,9437acc31d98d283,"Different interviewer ObjectId"
771,7ec5d343-a059-47aa-bbf7-41d04143d821,fa322e5ab2c4dea3,abandoned,55,54,1,0,1,f25d8d99-11d4-4a0c-b845-4b83a7cd3802,Pending_Approval,e405a80c2c35869c,"Different interviewer ObjectId"
329,73b5ee76-60e3-44ad-aacc-634df5a61099,198d098cc7e5a31d,abandoned,47,45,2,1,1,491555bf-d5dd-4133-b830-614fd5b4e080,Pending_Approval,198d098cc7e5a31d,SAME - Detected by system
329,73b5ee76-60e3-44ad-aacc-634df5a61099,198d098cc7e5a31d,abandoned,47,45,2,1,1,6309767b-a55e-4f99-b15d-3643232f9baf,Pending_Approval,577481d399a3c411,"Different interviewer ObjectId"
313,478dc08b-b756-44ca-b8e3-5c8d2a19911f,65ff290daf4f1eea,abandoned,42,40,2,1,1,3f682718-4ba2-411d-9418-907dc7fbf835,Pending_Approval,65ff290daf4f1eea,SAME - Detected by system
313,478dc08b-b756-44ca-b8e3-5c8d2a19911f,65ff290daf4f1eea,abandoned,42,40,2,1,1,4c7fa02a-bbbe-4b4c-b1cc-6609ccc55fae,Pending_Approval,149ed87f9d4889b9,"Different interviewer ObjectId"
306,6641eae5-0077-4373-b634-cdeedf4cae60,3b483e92d89f6063,abandoned,39,37,2,1,1,5138dc05-3058-4e52-a964-c33791117da2,Pending_Approval,3b483e92d89f6063,SAME - Detected by system
306,6641eae5-0077-4373-b634-cdeedf4cae60,3b483e92d89f6063,abandoned,39,37,2,1,1,9ef171f5-796a-4c74-9fc8-ff398afd9ee0,Pending_Approval,ca1b04ffe9e105bf,"Different interviewer ObjectId"
342,71f1c5f4-179a-4620-bc5f-516976bac99e,17ae494c396cd8a3,abandoned,39,36,3,1,2,bf61dc15-9325-46a4-890c-d583e248fa15,Pending_Approval,17ae494c396cd8a3,SAME - Detected by system
342,71f1c5f4-179a-4620-bc5f-516976bac99e,17ae494c396cd8a3,abandoned,39,36,3,1,2,4a504791-1a2e-47dd-97cc-d93acb49c585,Pending_Approval,b174235244d74349,"Different interviewer ObjectId"
342,71f1c5f4-179a-4620-bc5f-516976bac99e,17ae494c396cd8a3,abandoned,39,36,3,1,2,65f144e4-3ac9-4bb9-a57a-a97619d848a2,Pending_Approval,f12b4e4920c63f6a,"Different interviewer ObjectId"
302,a40d8e44-c23d-49f0-9ffd-e75eba3c443b,c43d691c2541f21c,abandoned,32,30,2,1,1,14a8f40b-b9f8-41bc-8043-9af8a68d065a,Pending_Approval,c43d691c2541f21c,SAME - Detected by system
302,a40d8e44-c23d-49f0-9ffd-e75eba3c443b,c43d691c2541f21c,abandoned,32,30,2,1,1,ae34a53b-066a-4359-ad57-6e3eb28344cc,Pending_Approval,6149e230aac92add,"Different interviewer ObjectId"
685,01fca599-56b3-48d9-908c-28ef5fbd9152,cc5d1955ceeac02a,abandoned,32,31,1,0,1,35732909-3f9d-44e4-83bc-8adef487c4fe,Pending_Approval,ef72af9aca39a65a,"Different interviewer ObjectId"
863,c3cf2300-58f5-49fe-afc2-e87197b4b4cf,4e5f75ba7725f62d,abandoned,31,30,1,0,1,f9283a5b-f271-4863-86fa-b8465894c8d0,Pending_Approval,b1aebb239cb7b0a5,"Different interviewer ObjectId"
860,abb096b2-f7be-46c5-95ab-b4ccb5e3278c,df7f60113739c959,abandoned,30,28,2,0,2,2c263af9-f54a-4c89-a3b5-1c6dbfb60afc,Pending_Approval,c3971a2ed6578405,"Different interviewer ObjectId"
860,abb096b2-f7be-46c5-95ab-b4ccb5e3278c,df7f60113739c959,abandoned,30,28,2,0,2,ea995d7b-df8b-452c-85ad-d48a19ee0d06,Pending_Approval,584641363da379be,"Different interviewer ObjectId"
1346,b98580e2-539a-4933-837f-318501057ebe,dcdac458768a13e5,Pending_Approval,28,23,5,0,5,6cbaa51a-bf0d-4f77-b283-c9ad94a3366e,Pending_Approval,96f25e2d8a940c21,"Different interviewer ObjectId"
1346,b98580e2-539a-4933-837f-318501057ebe,dcdac458768a13e5,Pending_Approval,28,23,5,0,5,ab677db8-53f6-40e5-ac6c-10c4dc2bd22c,Pending_Approval,f063c48ef1d33e9c,"Different interviewer ObjectId"
1346,b98580e2-539a-4933-837f-318501057ebe,dcdac458768a13e5,Pending_Approval,28,23,5,0,5,2527c6cd-700c-4ab2-88f6-c45946674777,Pending_Approval,bbcd7d2d4f047d19,"Different interviewer ObjectId"
1346,b98580e2-539a-4933-837f-318501057ebe,dcdac458768a13e5,Pending_Approval,28,23,5,0,5,0cc1c302-75bb-45f0-b8f3-1aedea8bee05,Pending_Approval,9a6b27a9117a836c,"Different interviewer ObjectId"
1346,b98580e2-539a-4933-837f-318501057ebe,dcdac458768a13e5,Pending_Approval,28,23,5,0,5,00bfa5e2-5a80-4ea0-bc5f-b556ee251146,Pending_Approval,8b14a365906bd445,"Different interviewer ObjectId"
317,d2fb343f-973d-45a9-8612-07235374cf1b,148821c15f8da7f5,abandoned,24,23,1,0,1,daaebd8d-7e51-43a4-981c-5c953858835f,Rejected,30c9b357fd466b37,"Different interviewer ObjectId"
862,28ba3e58-3001-4b2a-b212-b43383a76a66,ff80809ad41e3a20,abandoned,24,20,4,0,4,e3ea4fb9-a639-49e2-ad31-d506f7a31129,Pending_Approval,292cdecc4b1b8cfe,"Different interviewer ObjectId"
862,28ba3e58-3001-4b2a-b212-b43383a76a66,ff80809ad41e3a20,abandoned,24,20,4,0,4,bdf06b27-81e6-4dc3-bc25-7e2cb86a7b2d,Pending_Approval,f43f9d189bd8fdf4,"Different interviewer ObjectId"
862,28ba3e58-3001-4b2a-b212-b43383a76a66,ff80809ad41e3a20,abandoned,24,20,4,0,4,a5e6b699-2d15-4892-bb66-e5ab4449d344,Pending_Approval,f60f34d277790c31,"Different interviewer ObjectId"
862,28ba3e58-3001-4b2a-b212-b43383a76a66,ff80809ad41e3a20,abandoned,24,20,4,0,4,3bf4d58c-e41e-46fe-920b-a250030b7cc9,Pending_Approval,9d053845804ef57f,"Different interviewer ObjectId"
1112,80a7896b-f766-43c9-a608-11b50a86996c,bfaba09f1b83df15,Pending_Approval,24,23,1,0,1,24fc52ea-90fb-48a5-a395-dbd8132bd439,Pending_Approval,7605692c18157183,"Different interviewer ObjectId"
242,e4452744-c974-45b5-bf0a-f1aea34721d6,ff60e00e44a9ecb1,abandoned,23,21,2,0,2,39d96bad-7820-4633-820e-14ade3c9f241,Pending_Approval,5417c1c1834a5f1b,"Different interviewer ObjectId"
242,e4452744-c974-45b5-bf0a-f1aea34721d6,ff60e00e44a9ecb1,abandoned,23,21,2,0,2,4c0a246e-db14-45eb-b66c-d3a6fcfbbe6f,Pending_Approval,fe6e5af3c600e0fb,"Different interviewer ObjectId"
868,8cb46cf2-2a66-4381-ab3e-25403a463ced,f1ceb00eb29df218,abandoned,21,19,2,1,1,f4bdf9b7-ef87-4ffc-bd78-ec9f940cf1fd,Pending_Approval,f1ceb00eb29df218,SAME - Detected by system
868,8cb46cf2-2a66-4381-ab3e-25403a463ced,f1ceb00eb29df218,abandoned,21,19,2,1,1,908cae0d-2ddf-4565-b28e-4232413a68eb,Pending_Approval,0ee4a46b06ae0c64,"Different interviewer ObjectId"
1048,ed3d6620-9406-4c50-bf23-b104b384e52d,8946f365e1812d14,abandoned,20,18,2,0,2,d7a71da3-ab8a-4582-b910-f196ce6f0b56,Pending_Approval,f7631640e05f9ff4,"Different interviewer ObjectId"
1048,ed3d6620-9406-4c50-bf23-b104b384e52d,8946f365e1812d14,abandoned,20,18,2,0,2,aabc04fe-f61f-4c05-86e4-e7aecabe1020,Pending_Approval,f7631640e05f9ff4,"Different interviewer ObjectId"
858,212a1429-58f3-4a30-8d5a-e9f1887b627f,14da6e7c25d594f9,abandoned,19,17,2,1,1,7566ea89-39ba-4fe4-bfba-5912303d1986,Pending_Approval,14da6e7c25d594f9,SAME - Detected by system
858,212a1429-58f3-4a30-8d5a-e9f1887b627f,14da6e7c25d594f9,abandoned,19,17,2,1,1,fd9da6b9-2448-4e87-8a78-6c19f7c1e9e6,Pending_Approval,53b6b8b7f145e4ec,"Different interviewer ObjectId"
950,4f1bf3ec-0149-46c8-915d-6cb69f03ad86,582a0e195fa9d221,abandoned,19,17,2,1,1,2679cc9b-a6ef-4cac-ad7c-a1b98215db90,Pending_Approval,582a0e195fa9d221,SAME - Detected by system
950,4f1bf3ec-0149-46c8-915d-6cb69f03ad86,582a0e195fa9d221,abandoned,19,17,2,1,1,4b1ef0df-33d4-4764-a13d-50d630abc5be,Pending_Approval,8559e7d035fa05e4,"Different interviewer ObjectId"
1047,36f4bfe7-9c8e-4a82-993d-a3ec7b468ace,1db917399a01fc44,abandoned,19,18,1,0,1,c57783e5-3029-4790-aa53-ded18a87bfb1,Pending_Approval,ec82af49903abd3a,"Different interviewer ObjectId"
859,baf626b8-8b2c-4143-b19d-b4b6cb3aa2d5,d181d1ada9e28921,abandoned,18,16,2,0,2,38a32cbc-9943-4adc-827e-2887c5def22d,Pending_Approval,9bcf658d82d982df,"Different interviewer ObjectId"
859,baf626b8-8b2c-4143-b19d-b4b6cb3aa2d5,d181d1ada9e28921,abandoned,18,16,2,0,2,a37b5ea5-bb03-4f5a-80bf-11e3487f41fb,Pending_Approval,04a8e8b8c6da7fe8,"Different interviewer ObjectId"
282,c8a62d4d-224e-4a0e-b409-be675438117e,7756d8ad3bc8f861,abandoned,17,15,2,0,2,f8bc7ff9-ba71-474a-9ef1-beae6710c8ed,Pending_Approval,2035dfaaa192c9b8,"Different interviewer ObjectId"
282,c8a62d4d-224e-4a0e-b409-be675438117e,7756d8ad3bc8f861,abandoned,17,15,2,0,2,bff41866-1a02-4504-b8fa-4613c156d2bf,Pending_Approval,dba1327c43fb7b91,"Different interviewer ObjectId"
854,a68cc28a-4dfd-4cb0-829e-788af2525b30,45976a1cc41e4a5e,abandoned,17,15,2,0,2,dde387ea-d7cc-47c5-a237-0845214facf3,Pending_Approval,7659ee2abebb4586,"Different interviewer ObjectId"
854,a68cc28a-4dfd-4cb0-829e-788af2525b30,45976a1cc41e4a5e,abandoned,17,15,2,0,2,67fd723a-a1db-449a-ac32-ccc1bbd2c7fa,Pending_Approval,dddfc8d263cecd99,"Different interviewer ObjectId"
380,6aab89e3-0cad-4b0b-bcb3-08524e570a82,ec0623b809887024,abandoned,16,15,1,0,1,e147bf55-0b37-4e81-bfe1-ac8d874d347e,Rejected,1dac7550fdc3b764,"Different interviewer ObjectId"
292,ccf68925-0b24-4bed-b22d-8b20b5afe1bb,b47e3ea9b9f8a3fd,abandoned,15,13,2,0,2,d97ba6f5-edbe-4f93-9d0f-1769ef9798ea,Pending_Approval,2a1ffff6a5baa8de,"Different interviewer ObjectId"
292,ccf68925-0b24-4bed-b22d-8b20b5afe1bb,b47e3ea9b9f8a3fd,abandoned,15,13,2,0,2,ed141050-8029-49a6-8e7f-f8d6819be788,Pending_Approval,bad1eb7561022497,"Different interviewer ObjectId"
850,71cd39f7-9201-4987-9c6b-f09606893479,aefd9c6846e0241b,Pending_Approval,15,14,1,0,1,72df0eed-a758-480a-abe0-9c3e88a8cd8d,Pending_Approval,cc3586ae0d90a939,"Different interviewer ObjectId"
848,f0ef6c07-3d7a-46de-b60d-b7effd054db8,de27485d07e9c16a,Pending_Approval,14,13,1,0,1,c2ddfe07-95e2-4a28-829e-a5724afdcbdb,Pending_Approval,7acad29ad4d57c4d,"Different interviewer ObjectId"
1175,9720c199-0a9e-49fb-adca-e22f8e71091c,1e31917aa4f35adb,Pending_Approval,14,13,1,0,1,6be752ed-7e94-4b66-8ced-5ee095c47c5f,Pending_Approval,3b17136c5868498f,"Different interviewer ObjectId"
1438,298ba0ba-d1c5-4b7a-963d-61cf945295eb,c324d80c15408da3,Pending_Approval,13,10,3,0,3,a16a4c89-4df7-4855-82f7-09ea679d2a45,Pending_Approval,88003d2ebb817415,"Different interviewer ObjectId"
1438,298ba0ba-d1c5-4b7a-963d-61cf945295eb,c324d80c15408da3,Pending_Approval,13,10,3,0,3,9211dc64-585c-4ab5-a2be-6fc04fad55d0,Pending_Approval,b70a0e758e1f928f,"Different interviewer ObjectId"
1438,298ba0ba-d1c5-4b7a-963d-61cf945295eb,c324d80c15408da3,Pending_Approval,13,10,3,0,3,90a5be65-e3b1-414e-8490-0ff04846f6c5,Pending_Approval,2584a24b002150ad,"Different interviewer ObjectId"
597,61d07b8d-8014-471c-bba2-89776eefce31,f4d6dbb7cd8e2c91,abandoned,12,9,3,1,2,c063f6e9-5ab1-4fb0-93ba-e42eadc2f097,Pending_Approval,f4d6dbb7cd8e2c91,SAME - Detected by system
597,61d07b8d-8014-471c-bba2-89776eefce31,f4d6dbb7cd8e2c91,abandoned,12,9,3,1,2,8bc707d5-fdb3-4a08-bca2-297640bec47e,Pending_Approval,2e96c320471ff7c2,"Different interviewer ObjectId"
597,61d07b8d-8014-471c-bba2-89776eefce31,f4d6dbb7cd8e2c91,abandoned,12,9,3,1,2,5e960757-b4ad-472a-aa8a-0e9c9701b6a6,Pending_Approval,45ea92e91a2029d3,"Different interviewer ObjectId"
610,1832835f-2b32-43c8-b28d-b15a6ccbc8c2,17e9180a45dbec19,abandoned,12,10,2,1,1,fe7a3c0a-89e2-4812-afd6-dbc02224479c,Pending_Approval,17e9180a45dbec19,SAME - Detected by system
610,1832835f-2b32-43c8-b28d-b15a6ccbc8c2,17e9180a45dbec19,abandoned,12,10,2,1,1,51e2aa28-d814-448f-acbe-f6cb115b9548,Pending_Approval,3e37e16242dd35c9,"Different interviewer ObjectId"
849,cd152600-a93c-4b2a-a189-4433ce20a27d,b50c676fc01e3c59,Pending_Approval,12,11,1,0,1,36097877-7547-460d-afb0-e20d96168579,Pending_Approval,053f02a1d764c388,"Different interviewer ObjectId"
861,caf4bb1b-c9a8-49c9-82a4-1dc2abe4f0dd,d99b7792bc8a23bd,abandoned,12,11,1,0,1,f1ae3aa0-0595-44ea-8ba0-b2176ad8bc02,Pending_Approval,b248e239b3d2a24a,"Different interviewer ObjectId"
864,8b10c2d7-753c-4b76-8701-01e658dce7c6,125a8bec92407f5e,abandoned,12,11,1,0,1,3e19bea2-a9cb-4ccb-806e-cfe78574c8cf,Pending_Approval,65b1f9c8aec1ec65,"Different interviewer ObjectId"
866,1e6a15ce-faf6-4ff8-9ba6-f5cea9dd76b4,8cebe75317079638,Pending_Approval,12,11,1,0,1,c256750f-675c-4016-855d-aa33769317f0,Pending_Approval,726e79128164698e,"Different interviewer ObjectId"
1256,92fa30d3-3d91-44fb-89e6-58dff1a8194e,a407b4ceb3d3bd55,Pending_Approval,12,11,1,0,1,0a3fba8f-d1fe-4c31-9ee8-3d2ae0c69550,Pending_Approval,665edf4f27a35012,"Different interviewer ObjectId"
694,39d517e2-dc58-444f-911e-98745836434a,232fc28ea59ed720,abandoned,11,10,1,0,1,1fd38161-d15f-4599-8ea9-a51e74925b80,Pending_Approval,4d3a3e3c46b4c646,"Different interviewer ObjectId"
867,1f927c22-d383-481b-a046-7eb5c4bca92d,3dae161baba343b9,abandoned,11,10,1,0,1,b2ab1d99-8dfd-432d-a5db-6049ef17a723,Pending_Approval,9a7700597cbbab8b,"Different interviewer ObjectId"
600,06176db7-0e48-4b53-b163-f1e597af1bfe,9f0565f24a7be2e4,abandoned,9,7,2,1,1,1188242a-9b84-48fd-b0d9-857e48e757e4,Pending_Approval,9f0565f24a7be2e4,SAME - Detected by system
600,06176db7-0e48-4b53-b163-f1e597af1bfe,9f0565f24a7be2e4,abandoned,9,7,2,1,1,2be592e7-cef7-485c-9c5a-6d0a63ffee1e,Pending_Approval,a3e8d5130b738980,"Different interviewer ObjectId"
865,e2adfebf-fd75-4799-b684-34f361fc4ec2,7f2d9032e7957d60,abandoned,9,8,1,0,1,5f5357f8-f619-4d66-a384-aee1482082b5,Pending_Approval,20f3ad8c7816e47a,"Different interviewer ObjectId"
1178,ffce5321-8025-4681-a160-0c6d0cd18c55,22379f2aeae9d62a,Pending_Approval,9,8,1,0,1,7215a1b7-8c74-4e1e-80d3-330dc03b93a7,Pending_Approval,526370216e5a20c6,"Different interviewer ObjectId"
1347,d501d2db-9a1e-4da4-aee4-cab130596148,c7bc936f078b4703,Pending_Approval,9,6,3,0,3,36d230b8-9f02-404d-8b46-575c2e3fe814,Pending_Approval,85b7dcc9ae92082e,"Different interviewer ObjectId"
1347,d501d2db-9a1e-4da4-aee4-cab130596148,c7bc936f078b4703,Pending_Approval,9,6,3,0,3,71c0177a-110f-43f0-b4f6-fb8cf82a5e2f,Pending_Approval,87f9762f7b897c8a,"Different interviewer ObjectId"
1347,d501d2db-9a1e-4da4-aee4-cab130596148,c7bc936f078b4703,Pending_Approval,9,6,3,0,3,d5874319-df49-4f62-99d1-21bef9490add,Pending_Approval,fa29b94ff8e9684e,"Different interviewer ObjectId"
605,1234cb06-5a1d-4b16-8377-2a4fd74c3bde,1c948b1fe2d5a5c2,abandoned,8,6,2,1,1,a9605f74-33c6-44d5-a4c3-3e2532e0e197,Pending_Approval,1c948b1fe2d5a5c2,SAME - Detected by system
605,1234cb06-5a1d-4b16-8377-2a4fd74c3bde,1c948b1fe2d5a5c2,abandoned,8,6,2,1,1,e4e0f22c-e12d-44a6-bb20-34ff49157e86,Pending_Approval,bc5b408e3b03eeb7,"Different interviewer ObjectId"
606,1d59e445-54b9-435f-abd6-ccc5b491564f,a889a63700459029,abandoned,8,6,2,1,1,ab4e904d-ae8d-4067-9642-e2dd26729baa,Pending_Approval,a889a63700459029,SAME - Detected by system
606,1d59e445-54b9-435f-abd6-ccc5b491564f,a889a63700459029,abandoned,8,6,2,1,1,8e3e3c78-8fe3-4b59-9296-7e1f0baa0921,Pending_Approval,3b4036293986114b,"Different interviewer ObjectId"
613,7e9c8159-fe30-486e-a303-4362e129720d,eef130c0fd7f8d4d,Pending_Approval,8,7,1,0,1,6cac90be-5682-4cdb-bebe-dcf46054ca0f,Pending_Approval,41ad88d3c417e56d,"Different interviewer ObjectId"
871,9ce7bed4-39e5-40a9-86d3-0735c4c090f3,31e745dab9750ff2,abandoned,8,7,1,0,1,5d4d2491-ead9-4a7e-9889-3361fac1ecc1,Pending_Approval,280aa4ebe8add1e3,"Different interviewer ObjectId"
1038,db8a3757-6623-4c02-81ce-0e6d91b9c645,9f08ed228c962a9a,abandoned,8,7,1,0,1,ef55ff77-2251-4eef-8559-68212395fe4a,Pending_Approval,03c08999b3ccbab3,"Different interviewer ObjectId"
1190,c68bc3b8-e630-4c33-ab58-67fba5717225,3ef15845a6a27b04,Pending_Approval,8,7,1,0,1,b3e75d94-4d40-40a8-a029-7e53f79e84a3,Pending_Approval,37e19824c581f49c,"Different interviewer ObjectId"
1373,214b8067-927d-4cac-946d-dfe0d2af0e9c,d6cdfb6761568a4d,Pending_Approval,8,7,1,0,1,8ab8e00a-2edb-4b6a-a7e6-5a131d93450c,Pending_Approval,83c43382dc2b64dc,"Different interviewer ObjectId"
307,f464386d-aab0-40f7-a62f-38ce5e343938,3dc13a74fad75574,abandoned,7,6,1,0,1,46df2a56-6610-442e-abcf-26d7e1ab1f75,Rejected,160b483716b1dff4,"Different interviewer ObjectId"
603,dfa75c8b-1da8-4e6b-a1f4-5dd9ab0c7077,f8c2216af6ebc25f,abandoned,7,5,2,1,1,8922b8a3-0c31-4551-b632-128d77fdf0b5,Pending_Approval,f8c2216af6ebc25f,SAME - Detected by system
603,dfa75c8b-1da8-4e6b-a1f4-5dd9ab0c7077,f8c2216af6ebc25f,abandoned,7,5,2,1,1,98bd26be-08e2-438e-835b-13080bb66e76,Pending_Approval,b498381733f4693d,"Different interviewer ObjectId"
1440,55fe7031-f81b-4d65-8b43-571b586248da,aaf2575d3be85977,Pending_Approval,7,4,3,0,3,5bda1e46-7944-4007-b302-82fa763a6f02,Pending_Approval,6908a23ff88e09c7,"Different interviewer ObjectId"
1440,55fe7031-f81b-4d65-8b43-571b586248da,aaf2575d3be85977,Pending_Approval,7,4,3,0,3,9cd451a3-d7bb-464e-a615-4110febdda58,Pending_Approval,b0548661596628fe,"Different interviewer ObjectId"
1440,55fe7031-f81b-4d65-8b43-571b586248da,aaf2575d3be85977,Pending_Approval,7,4,3,0,3,1e9207ff-508c-4ee3-9d72-238b85714012,Pending_Approval,5b7ab8aa0a34bc7f,"Different interviewer ObjectId"
668,5eeb9f17-b842-4245-a51b-31d2917be83f,3a68e6baa4304e44,abandoned,6,4,2,1,1,e64cc3c8-d733-4bb2-8540-8b5eb76baa98,Pending_Approval,3a68e6baa4304e44,SAME - Detected by system
668,5eeb9f17-b842-4245-a51b-31d2917be83f,3a68e6baa4304e44,abandoned,6,4,2,1,1,2e2e0c06-40e5-4adf-b57c-e37fe99e0c75,Pending_Approval,32daf4b7b33667c7,"Different interviewer ObjectId"
1176,03530b5c-6252-494f-9c1d-336544396625,73be790fca88fbab,Pending_Approval,6,4,2,0,2,893edf99-3aaa-4c44-9aa4-6476292723bf,Pending_Approval,a7847644c6c306b3,"Different interviewer ObjectId"
1176,03530b5c-6252-494f-9c1d-336544396625,73be790fca88fbab,Pending_Approval,6,4,2,0,2,cd35e0e6-b355-47ae-bc12-c8690e4a1a61,Pending_Approval,c235798cbc1a99d8,"Different interviewer ObjectId"
1289,76e74a6e-cfea-4756-98d7-dfe28e02173a,807d700f7993b777,Pending_Approval,6,5,1,0,1,3c8c6664-28cc-4f7d-8d26-2c8aa4763557,Pending_Approval,e743a3740b233f95,"Different interviewer ObjectId"
1431,60ff13c8-fc78-4d13-a227-f1bf8736b9c5,b439635948af7ae5,Pending_Approval,6,4,2,0,2,b6e7a896-9392-4014-a09e-732d07c889e6,Pending_Approval,d3bb6f71c4056f1f,"Different interviewer ObjectId"
1431,60ff13c8-fc78-4d13-a227-f1bf8736b9c5,b439635948af7ae5,Pending_Approval,6,4,2,0,2,cce146c4-3620-4a8a-9473-24e7c9c2fc94,Pending_Approval,f968598c9015538e,"Different interviewer ObjectId"
1442,87ef4910-1df5-44fb-af9b-29a2c29a90e2,e2a3ff0df26a2a0a,Pending_Approval,6,4,2,0,2,d9beb898-7f60-48c3-8bc7-ee48da0c0dec,Pending_Approval,ed3c4e6fb1ec9310,"Different interviewer ObjectId"
1442,87ef4910-1df5-44fb-af9b-29a2c29a90e2,e2a3ff0df26a2a0a,Pending_Approval,6,4,2,0,2,c3a69331-d908-4c23-ba95-0820283fc8e1,Pending_Approval,1513a85a983df5ed,"Different interviewer ObjectId"
1443,2fd80c65-0758-4c5b-a81a-5eaecf252eda,a1e2a27b7671f536,Pending_Approval,6,5,1,0,1,32fe0dc2-289a-4abd-b150-9b0abb957811,Pending_Approval,2dd447c577e08c94,"Different interviewer ObjectId"
669,cd91adc5-fc56-4cc7-987b-48461487dead,635a0c216e2f0ece,abandoned,5,3,2,1,1,c18af64f-5636-4e70-a1b5-dfb96b623ea9,Pending_Approval,635a0c216e2f0ece,SAME - Detected by system
669,cd91adc5-fc56-4cc7-987b-48461487dead,635a0c216e2f0ece,abandoned,5,3,2,1,1,9a587f89-0a78-4fa0-af18-ed5cbdf3409e,Pending_Approval,3208c55be7913b2c,"Different interviewer ObjectId"
671,fed70808-63fa-4b8c-928f-8061d471f983,ab2aa8fcda62bd3c,abandoned,5,3,2,1,1,6041a1dd-3385-43fd-9ea8-a07b2123b977,Pending_Approval,ab2aa8fcda62bd3c,SAME - Detected by system
671,fed70808-63fa-4b8c-928f-8061d471f983,ab2aa8fcda62bd3c,abandoned,5,3,2,1,1,982dd6da-8925-44f5-9dbb-d4c4f968bf4e,Pending_Approval,0398ef2ff327ff2b,"Different interviewer ObjectId"
713,76ae03aa-d19f-4415-947a-b8dea00dea2b,95211ae3db926802,abandoned,5,4,1,0,1,24431a80-d12a-4d19-9051-55dfb78e577b,Pending_Approval,f0cce879026b5e86,"Different interviewer ObjectId"
738,800c5452-a672-41fe-815a-012f687ad5b7,0a6a1ad00c197a83,abandoned,5,4,1,0,1,3e1e3a2a-f985-425a-a181-d0db0d718283,Pending_Approval,6072192a4d316fbf,"Different interviewer ObjectId"
739,e2b406da-4649-4490-a400-d45b44a846f2,697b44b7e9b71f61,abandoned,5,4,1,0,1,df749888-b55a-43ad-8e39-a298a7bf5eb2,Pending_Approval,868489b4f4821b51,"Different interviewer ObjectId"
841,0fd34ace-3a41-4cde-a959-1e1c9aff0688,afbf2c0210de4d03,abandoned,5,2,3,1,2,3130ed39-e899-43bc-8831-819dbc400157,Pending_Approval,afbf2c0210de4d03,SAME - Detected by system
841,0fd34ace-3a41-4cde-a959-1e1c9aff0688,afbf2c0210de4d03,abandoned,5,2,3,1,2,1044108f-4b07-465e-afdf-81efa17be4dd,Pending_Approval,878c131b6e3f4232,"Different interviewer ObjectId"
841,0fd34ace-3a41-4cde-a959-1e1c9aff0688,afbf2c0210de4d03,abandoned,5,2,3,1,2,6355b1af-0125-44b9-8d01-2012d2329f02,Pending_Approval,9576e344a642fee6,"Different interviewer ObjectId"
1177,8216377c-9157-4b4b-a522-494f09fb5e3c,e7c103c2200e9f2b,Pending_Approval,5,4,1,0,1,692be04c-54cc-43fc-bd28-e937a645b930,Pending_Approval,254fbfe032cb2d86,"Different interviewer ObjectId"
1294,76b6a8d8-b47a-4158-901e-093e4f6c6b82,b436748264278bfc,Pending_Approval,5,4,1,0,1,b115a97e-165c-4edd-8d3d-277629940a96,Pending_Approval,e074c7798bd76a53,"Different interviewer ObjectId"
1392,f52639a4-b5ff-40e9-809d-4408d3cc5a14,f092892273d3067a,Pending_Approval,5,4,1,0,1,ed33a991-aab9-4a64-bb07-ce8b738df493,Pending_Approval,7a5901e03875ea62,"Different interviewer ObjectId"
1411,ea156658-3e30-422b-a892-166ad4f51a7e,baad9358c29c8c04,Pending_Approval,5,4,1,0,1,cca3bbf6-dbda-4a7c-b274-a027b0320e71,Pending_Approval,d422985a6f062868,"Different interviewer ObjectId"
1413,3b2a3257-ced8-4995-badf-d1b452ca644a,19a17f7a94251a41,Pending_Approval,5,4,1,0,1,6b7f8072-ef2e-4c3b-b9d5-aa3622342754,Pending_Approval,c9cf8f88ba0f310e,"Different interviewer ObjectId"
1421,43803810-387f-42aa-88a4-6150ce57c400,71deed9c9b31b2b5,Pending_Approval,5,4,1,0,1,3a6e125b-b89a-4f4b-bac7-ebba9cac1246,Pending_Approval,6197775dab4e273d,"Different interviewer ObjectId"
1495,1574bc4c-9ca4-4c59-80ca-808158c79f60,41ea2e22cb4e5c9e,Pending_Approval,5,4,1,0,1,0df36b4c-d011-4aa2-972c-3d39f1cd2ebc,Pending_Approval,8b6dc1c93e01bb19,"Different interviewer ObjectId"
348,44974070-9051-4f89-91fd-50762920cc61,c373f0f0b7346257,abandoned,4,3,1,0,1,45007c61-7743-4797-9a60-f1555bf763b3,Rejected,533bbb067b7cfcdd,"Different interviewer ObjectId"
670,25ca4335-1a7c-4ce2-a7a3-7212a4517460,877755c49b7eabc8,abandoned,4,2,2,1,1,be33ba1f-e191-4d7f-9f2d-e982e3896c1f,Pending_Approval,877755c49b7eabc8,SAME - Detected by system
670,25ca4335-1a7c-4ce2-a7a3-7212a4517460,877755c49b7eabc8,abandoned,4,2,2,1,1,92cb28ec-f225-4666-aa42-0fd8fa70052b,Pending_Approval,d47dae3bb7d2c523,"Different interviewer ObjectId"
672,9bf5afe4-f7f3-45d8-9b94-d1e4a2a2d5ae,e8fda2da01e8695d,abandoned,4,2,2,1,1,940c25a7-fbf1-4169-86b5-54678b0715e4,Pending_Approval,e8fda2da01e8695d,SAME - Detected by system
672,9bf5afe4-f7f3-45d8-9b94-d1e4a2a2d5ae,e8fda2da01e8695d,abandoned,4,2,2,1,1,704afdd5-a888-44c9-a0a5-dbc7ce162786,Pending_Approval,16a28bab0e54b6d1,"Different interviewer ObjectId"
700,a8178428-0926-45d2-bf29-93ee914c1069,51ad4a5ae917d246,abandoned,4,3,1,0,1,fa23ad16-fe19-4ccd-85e8-32ff9d582ebb,Pending_Approval,0e6e179fdeeea4d8,"Different interviewer ObjectId"
712,4456be13-1033-4110-934b-6bff0763fe66,247eb05a2a05a0f8,abandoned,4,3,1,0,1,caec6df5-66b9-4d25-b0ef-3c83de6de3c5,Rejected,78b5e7d9c7a39950,"Different interviewer ObjectId"
735,191e17fe-5a06-43dc-b2bf-78f18636a696,fa727b4f6e367548,abandoned,4,3,1,0,1,c520aa9f-dadb-4122-9a30-1398182dd19f,Pending_Approval,5893977823cefb53,"Different interviewer ObjectId"
1095,718b9c6c-74e8-447b-98eb-aed6c4f88427,e1e5284ddadd2f10,Pending_Approval,4,3,1,0,1,ad568cfd-7750-441b-89d0-966db38480ed,Pending_Approval,c6900e6629f67cfc,"Different interviewer ObjectId"
1096,448b57f4-d195-4b85-bd88-23ad8ad1546f,6185b66ce39a50a7,Pending_Approval,4,3,1,0,1,383d1cac-db05-44b6-a274-ec314cce8a49,Pending_Approval,2b0cd2e5d3ce3e18,"Different interviewer ObjectId"
1395,6e3adb4b-61bf-4e1f-a337-702ca559d1b6,a2eab7cff4a0d670,Pending_Approval,4,3,1,0,1,273a2979-63ba-4f9c-9eba-d080a328c70f,Pending_Approval,5ad4eb37c6fc2008,"Different interviewer ObjectId"
1414,35534c0c-61c1-48cd-a8ad-80ebabd54d6a,a5896a57de89ecca,Pending_Approval,4,3,1,0,1,dd9a61e1-cb72-4630-a091-b77031a9567b,Pending_Approval,020c36b8bc83f056,"Different interviewer ObjectId"
1452,0b4349cd-0b3c-45e4-9f14-91f8eb13e39a,95939f00db11c62a,Pending_Approval,4,2,2,0,2,4b7b90bc-ffb7-40f8-9f1f-aa45e3b3b58d,Pending_Approval,7f04c7ba2c594c1f,"Different interviewer ObjectId"
1452,0b4349cd-0b3c-45e4-9f14-91f8eb13e39a,95939f00db11c62a,Pending_Approval,4,2,2,0,2,5f55bd15-c3f5-4c94-ae3f-6ff68578b669,Pending_Approval,23bafa305abf3c62,"Different interviewer ObjectId"
1453,a3ab87c9-b48f-454f-b118-9218e694bcc7,4366245018fae555,Pending_Approval,4,3,1,0,1,4e304f45-cc22-4fef-b53f-0873139d900a,Pending_Approval,f2125b2f65b4aaef,"Different interviewer ObjectId"
1483,a9cf7c26-5db0-4570-b98c-a3afaa384e46,a6015f89f7beee8b,Pending_Approval,4,3,1,0,1,ee6377b9-2246-4bb7-914a-7aadb05a943f,Pending_Approval,0bb84f6c11f203ed,"Different interviewer ObjectId"
1485,d91599b2-1ac3-4885-b272-5ab102d23536,25a84c8ebe255cf8,Pending_Approval,4,3,1,0,1,8b298818-ecf7-4fe5-a023-039a27685934,Pending_Approval,75b837e51a5ac006,"Different interviewer ObjectId"
102,7589fbd2-2ed9-4e26-990f-bda8ddc37559,9e02fa67abefb5b8,abandoned,3,1,2,1,1,29fdccb4-603d-400f-8601-8e996a6e2a74,Pending_Approval,9e02fa67abefb5b8,SAME - Detected by system
102,7589fbd2-2ed9-4e26-990f-bda8ddc37559,9e02fa67abefb5b8,abandoned,3,1,2,1,1,5542128f-2bcd-41c6-ad2b-2031177f3fb4,Pending_Approval,ffc27e2ee79f18d2,"Different interviewer ObjectId"
122,46274ab9-f310-4496-b768-679226150445,38b348a1a152105f,Pending_Approval,3,2,1,0,1,abdddb95-1928-4b64-9a1b-090209001987,Rejected,2828a29bbd8dfe4f,"Different interviewer ObjectId"
206,3fab66f5-449d-456f-a5d3-29b72ab2dbbf,a107ee28d1695ddd,abandoned,3,2,1,0,1,43487288-b40d-4347-8047-055a98d77551,Pending_Approval,beaa7ef31c025fe5,"Different interviewer ObjectId"
310,a280bfa0-e5a4-4d02-9bbb-6e39fbd2ddea,69c0382d61346a1b,abandoned,3,2,1,0,1,6284968f-a98c-4067-9248-9a4b91474646,Rejected,f4b614fcacfef19e,"Different interviewer ObjectId"
357,87a3800a-afba-4a5f-afd6-b542ce40b894,6a9d50f75d6738db,abandoned,3,2,1,0,1,e2327001-1772-4d93-9a68-82a127e9c2e1,Rejected,1f1a060af082d6f3,"Different interviewer ObjectId"
715,eec32003-85b4-40ed-a1d8-96a0c88733b3,b13f16558d09764e,abandoned,3,2,1,0,1,e54ef35d-712c-48dd-aa62-d96c8caa5639,Pending_Approval,72f48aaa32680d4a,"Different interviewer ObjectId"
740,afa87567-3854-4e9a-9768-8f3184ae03b5,3067f97ec496c40e,abandoned,3,2,1,0,1,c86ababb-71d1-408b-8cab-e26a39c7e0d3,Rejected,31dc85d074f3c6fb,"Different interviewer ObjectId"
1097,d64c9521-8436-483a-86a7-7bbd51b5f382,f1941de354e7311d,Pending_Approval,3,2,1,0,1,14c91b25-c457-4214-8cec-076af65dff21,Pending_Approval,845022f7b4aacd26,"Different interviewer ObjectId"
1332,7e377907-d2fb-404b-9b68-3f003b1f1455,8d5478294c1e2178,Pending_Approval,3,2,1,0,1,39df0782-6d0e-4fd9-a74a-afe4b078cca1,Pending_Approval,fca1e45a0e997e59,"Different interviewer ObjectId"
1340,8d434412-c1ec-472d-877a-77dcd62dbb7d,a2b137b00ea09ac6,Pending_Approval,3,1,2,0,2,9c27aaa5-20f6-4a40-8944-f9074601b7cd,Pending_Approval,d081e6f8943b3a49,"Different interviewer ObjectId"
1340,8d434412-c1ec-472d-877a-77dcd62dbb7d,a2b137b00ea09ac6,Pending_Approval,3,1,2,0,2,29f39600-bd83-450b-97d8-99b15c5a181c,Pending_Approval,b0f0c16f6f86493e,"Different interviewer ObjectId"
1397,67845174-4cd3-4051-9ff3-8160646093c3,b73516c02cc44b35,Pending_Approval,3,2,1,0,1,35d05998-1fda-4305-9a99-bd76a494fe6b,Pending_Approval,9d2f22cb457af45d,"Different interviewer ObjectId"
1422,31aab197-4c57-4d6f-a657-b14373b0a6e4,61e5d16fa53b4f88,Pending_Approval,3,2,1,0,1,57b0fda8-26a6-4705-b5cc-1b711a670c71,Pending_Approval,1152a2731ff6b4ab,"Different interviewer ObjectId"
1435,702dcb44-89a8-4db1-a0b1-d2f8277323fd,206167fa92b16cf6,Pending_Approval,3,2,1,0,1,fdc8d108-5063-4884-b7ce-1fd275dfb5e9,Pending_Approval,17cf33f7d71b793e,"Different interviewer ObjectId"
1481,3ff7e48c-ee15-41a5-9b82-1b33b264842c,1dbbf4b621985390,Pending_Approval,3,1,2,0,2,4f272885-016a-4ee5-b6d0-620410e95508,Pending_Approval,9527d3260842d9d4,"Different interviewer ObjectId"
1481,3ff7e48c-ee15-41a5-9b82-1b33b264842c,1dbbf4b621985390,Pending_Approval,3,1,2,0,2,1357188d-370a-4358-ba5c-0a1cbae35bb1,Pending_Approval,3c237642ff7cdee8,"Different interviewer ObjectId"
119,c588de6d-a28c-4bf0-b2a6-7bc8a9825856,604173d6a2991260,Pending_Approval,2,1,1,0,1,5cb12575-c1db-46e4-ac5d-11b4bf021454,Rejected,cee6c6a47bbdb155,"Different interviewer ObjectId"
129,bb084abc-a73c-456c-b246-197224a99a35,76066fa2200e0183,Pending_Approval,2,1,1,0,1,22106106-e93e-4e04-9e48-083063d0648b,Rejected,9940c051d96fabd7,"Different interviewer ObjectId"
249,05a8830f-522d-425a-af0c-033d7d901ab7,94664081a3f05dad,abandoned,2,1,1,0,1,1b6bbc4d-2132-41f8-a789-bc908364b1a3,Pending_Approval,160a05c2525331e9,"Different interviewer ObjectId"
347,1cdb72cd-6360-4e4e-88b2-10b3c4b283c2,0f0c8a23cd6297d8,abandoned,2,1,1,0,1,e8e184cf-7c54-4da6-a7e4-1523f3faa9ca,Pending_Approval,f820f88accfb74a8,"Different interviewer ObjectId"
835,675e450f-ed21-4dd1-a1ef-30f1ddb26d9b,5730898c4293c431,abandoned,2,1,1,0,1,8a41188d-5ed3-40b9-9ab3-c042bb8e516b,Pending_Approval,6703f4c06042895d,"Different interviewer ObjectId"
838,86e89774-9d46-43e8-9e51-d14eeac26dc3,4fe037eb3adab611,abandoned,2,1,1,0,1,6dd740d9-c213-428d-8f84-3b9fcc089945,Pending_Approval,e2029a97a18e0b3c,"Different interviewer ObjectId"
1027,73db79ce-7267-4df7-8d26-01c59e1b9511,acfa222afd481bb5,abandoned,2,1,1,0,1,dad9931e-927a-4d1e-8bb4-7056584bf596,Pending_Approval,c17b68cd948c238c,"Different interviewer ObjectId"
1257,37d45a79-ed7d-4dda-930e-00b18e59addb,5af83647615218bb,Pending_Approval,2,1,1,0,1,6862337c-6f72-44a0-800e-a25561e38682,Pending_Approval,e7a9b443c8f0c678,"Different interviewer ObjectId"
1377,38a4b82f-22ec-4e99-9838-d2c5e410db8a,e4ce21e0cd9c7221,Pending_Approval,2,1,1,0,1,2e0aa565-6b35-4736-89be-1fd1ee35e92a,Pending_Approval,186dd4166ca13455,"Different interviewer ObjectId"
1399,5b4f4f0c-bd2d-4160-8193-f55ab3893529,cd7df40b1a5b12b5,Pending_Approval,2,1,1,0,1,635ddeb0-ae76-4f4e-b2d6-62080345c322,Pending_Approval,a8fa2e20a8aca0e7,"Different interviewer ObjectId"
1400,c635e550-0027-4417-848d-ecae88cc4586,af0b41d6ba8e8e5d,Pending_Approval,2,1,1,0,1,22989e8c-4648-4607-b1c5-3495c62526ee,Pending_Approval,e21f97f70c5cbddf,"Different interviewer ObjectId"
1401,74c76b8b-e05d-43c5-9f42-81fff12b9e1d,80092c2c027413bb,Pending_Approval,2,1,1,0,1,4e227811-2e1d-4ae0-8df2-ed27c3e91b89,Pending_Approval,1e961cc85a511c85,"Different interviewer ObjectId"
1402,e1c8732b-4e0a-47c1-917f-f28d2e7473cf,a741bd77e1be5ad3,Pending_Approval,2,1,1,0,1,add36f59-596a-4880-81ad-6498bb31ad25,Pending_Approval,70ab57c49bd86623,"Different interviewer ObjectId"
1403,72704347-d127-4983-9f71-1c229429363c,fb40c644c471d9f6,Pending_Approval,2,1,1,0,1,c38362eb-f48d-48e3-99bf-e8e75aa32b38,Pending_Approval,edc2d3ff0d5052ae,"Different interviewer ObjectId"
1404,1061f214-d590-4196-8c30-c1cc4c58e7a3,c070f497364008d4,Pending_Approval,2,1,1,0,1,ac9d5bc7-44c9-4ce9-8f5b-c2bccf43f623,Pending_Approval,7115424778f8ab9a,"Different interviewer ObjectId"
1405,44cc5e24-d79b-4dcc-a872-9dad221d2bf1,d1bde751d7f4afcb,Pending_Approval,2,1,1,0,1,50b2d28f-69ad-461e-a54d-f0fb387f6388,Pending_Approval,3af5bc4fc766315a,"Different interviewer ObjectId"
1410,7d717117-443b-4b50-881b-d0f6152dc610,e0486b86df01219a,Pending_Approval,2,1,1,0,1,8aa54808-f084-4527-b9a3-d9433fedcd5d,Pending_Approval,3fd1c2e0899e1e2b,"Different interviewer ObjectId"
1423,1c335fcd-72ef-4810-8818-6934abc66f68,cb9d047f27436d96,Pending_Approval,2,1,1,0,1,ca2f7e0b-d512-4f56-ad03-3ca118d146b8,Pending_Approval,39feeb3521c57fa3,"Different interviewer ObjectId"
1459,27b0a425-205b-4a8d-b042-d6ed3b38a861,ccc70a3a7eb1278b,Pending_Approval,2,0,2,0,2,89aaae3b-9d53-474b-97ff-dc93f346bb56,Pending_Approval,687846f2d7c6f945,"Different interviewer ObjectId"
1459,27b0a425-205b-4a8d-b042-d6ed3b38a861,ccc70a3a7eb1278b,Pending_Approval,2,0,2,0,2,6cdd018a-39f9-4d01-be1a-8c033d988831,Pending_Approval,9a6aea37abcce6be,"Different interviewer ObjectId"
1465,5b003bdc-59d9-4485-980d-e3a1f6647e98,2ea8aac0eab1c10f,Pending_Approval,2,1,1,0,1,d0f467f5-d0e2-4f18-9f4f-6eae73ac1803,Pending_Approval,82c71a50ddad518d,"Different interviewer ObjectId"
118,4882fc66-dd19-497e-b506-adb329c86c4f,34cdcab782c3f194,Pending_Approval,1,0,1,0,1,6573c2fe-de0b-490b-b742-331ba33a5b71,Rejected,637f2759fa45046d,"Different interviewer ObjectId"
126,4957b623-c582-42a6-b3dd-09fa8605c681,f58c25c185fbf7dd,Pending_Approval,1,0,1,0,1,cdfb391c-61ed-4bdc-9e60-4cdd9b2a223f,Rejected,c965ae51774a6332,"Different interviewer ObjectId"
127,cf14d71a-5c1c-40c2-b14a-6e8370136f9e,5589ddfc2fb27daa,Pending_Approval,1,0,1,0,1,7dfe9f77-076a-42df-9f1e-76d485e58d65,Rejected,2c75e66f1c73a0a4,"Different interviewer ObjectId"
130,b26c66f4-358d-450c-828b-48d40dd58d9e,1d5aca6da2c6f478,Pending_Approval,1,0,1,0,1,dacb39d0-6c0f-4a72-8bd5-1e40873405ae,Rejected,cf05ad13aa038b04,"Different interviewer ObjectId"
132,b07fb7a5-1ed5-4a9a-b8e8-f9654c03eadd,db770e95d5918538,Pending_Approval,1,0,1,0,1,d62e7179-71de-4211-a71b-27d1426f1e99,Pending_Approval,8a4e3bd48cc05125,"Different interviewer ObjectId"
133,671445ca-9811-483d-a45b-89ca95840c2d,2383ff5e815becde,Pending_Approval,1,0,1,0,1,4ec7e03b-1366-4043-ae72-0886cdbbe527,Rejected,4ffcfa8e9502c654,"Different interviewer ObjectId"
134,094d82f5-f840-4d88-bd5a-01af0c87e347,c299d825500047d3,Pending_Approval,1,0,1,0,1,a7a61db1-2ec9-4c96-925a-aab5c0eae076,Rejected,5b0813d8805e04d1,"Different interviewer ObjectId"
135,92044e35-67f8-475a-a72f-8874b9d7a699,cbb5f2dc30ec83d2,Pending_Approval,1,0,1,0,1,f3bcc7ec-f74c-4cbb-bc60-ef40da8a9e98,Rejected,bc176ac07326ce87,"Different interviewer ObjectId"
136,743d41e2-3a90-48b2-87d8-9b0601795a61,239f4c2469c09ab2,Pending_Approval,1,0,1,0,1,783b1b11-efd4-437b-bae0-b51cc8c11669,Rejected,dd627f1779d14ac4,"Different interviewer ObjectId"
183,6dbab054-9b94-425d-a2d4-3b52af941761,35545fd6cf3f72b6,Pending_Approval,1,0,1,0,1,3d95405b-59cf-4a6c-990c-ed72d21bdb91,Rejected,fca856f764b33424,"Different interviewer ObjectId"
247,92d0d4bf-33c9-409f-b55e-7722bd9f22ec,0c6a6e699a0291a5,abandoned,1,0,1,0,1,1e9c1e90-8d97-4fbe-bf96-2abf3139d5fe,Rejected,683564e8abd99f4a,"Different interviewer ObjectId"
248,e08eb872-aa3a-48f3-93ad-53c23d5957ff,53b2e83ae5247454,abandoned,1,0,1,0,1,19551b38-9277-4558-a955-219b1862be1d,Rejected,86ac7964babb1405,"Different interviewer ObjectId"
836,1d25aaa3-4055-485b-8923-3fccb92b751f,53c0c9dd3ead99ed,abandoned,1,0,1,0,1,a0860ac3-87e1-48d8-a8ac-abbde545b022,Pending_Approval,35473a47b065c828,"Different interviewer ObjectId"
839,1a8360c6-af6e-4c20-919c-135a2bfd367b,b24e4703ab292b17,abandoned,1,0,1,0,1,ce36c0ea-ad5b-4715-8ac1-693ea5d7c696,Pending_Approval,b5d41ef55baf448f,"Different interviewer ObjectId"
1393,16af08e0-dc0e-497c-8129-2b236345bbb3,27193203d583ce30,Pending_Approval,1,0,1,0,1,02c21e24-f985-49a8-aaa8-a9849d631cba,Pending_Approval,3f88fb01d848e6c6,"Different interviewer ObjectId"
1396,7b2f07c5-839a-4c3e-ae8b-ce3ae1f7908a,2826ac9140946480,Pending_Approval,1,0,1,0,1,cc0c74b4-d93c-4f43-9066-dd12938daadc,Pending_Approval,0f72f33a131326c9,"Different interviewer ObjectId"
1398,65438c80-74d5-413e-b6d2-500375506377,22b1d6bcb8fd132a,Pending_Approval,1,0,1,0,1,c3d8e08f-6113-426a-9c68-1e7a0c59c2ea,Pending_Approval,c1761b3434886982,"Different interviewer ObjectId"
1416,8bbcb48b-a65c-4db9-b481-0acd8e57414f,41a36b8ea5c41a12,Pending_Approval,1,0,1,0,1,37a94357-0c27-4fab-98cf-796cd53c32d9,Pending_Approval,8a0541fc376274b4,"Different interviewer ObjectId"
1486,276983e0-84b9-4dbe-a941-58bd761f3b11,0c26185b69563185,Pending_Approval,1,0,1,0,1,a399faf5-657a-41d5-8699-8e0a02662639,Pending_Approval,37ccaaef86cb92ca,"Different interviewer ObjectId"
1494,ba6b8649-7eb5-45ca-8074-b7e1ebde40cf,86ddbef1ab657dc2,Pending_Approval,1,0,1,0,1,a1a2b3ec-87c0-4409-8bf8-5a6bfb56cb60,Pending_Approval,c94791bd7995ca5a,"Different interviewer ObjectId"
1497,42ff60d7-0687-40ca-b508-65bb13ba3f60,364ce957c85c6dfa,Pending_Approval,1,0,1,0,1,49f6f0f7-a9bf-4942-a762-599455960c86,Pending_Approval,82b880dbefbea5cf,"Different interviewer ObjectId"
1498,409c1c18-a577-4ff4-b9c4-cd17c34a0a66,8c305ec303f19a51,Pending_Approval,1,0,1,0,1,f2f433e7-dd48-42ee-a2b4-c6800cc72423,Pending_Approval,a50b63dd3bb96aed,"Different interviewer ObjectId"
1500,f59779cb-94ba-4168-8b5c-97a86d8c83d1,364a8c2bb551fa2f,Pending_Approval,1,0,1,0,1,ac49bb7a-3b49-47dc-bfc5-87b25345e95e,Pending_Approval,3dd61dacb0390597,"Different interviewer ObjectId"
1501,b6e4deda-4bdb-4a5d-abe7-82980eff2199,3fcb46c42a40a907,Pending_Approval,1,0,1,0,1,81d85b4e-aa1a-4312-973c-6a4cab5c832a,Pending_Approval,57db9f823105840a,"Different interviewer ObjectId"
1503,5b88d5d3-ba9b-40de-86b3-55d57a7d5c9f,23b1e21f744ca42c,Pending_Approval,1,0,1,0,1,557fa8e3-8442-451e-af78-26f122c36d84,Pending_Approval,0fd91b02155ceb74,"Different interviewer ObjectId"
1504,988fca90-522c-453c-a3ba-1084e00b1c27,358f13ad9c34370e,Pending_Approval,1,0,1,0,1,4a0a2b0b-1420-42bf-8853-0037064ceba2,Pending_Approval,3c7ec202bcaff7e9,"Different interviewer ObjectId"