Response ID,Mongo ID,Session ID,Interview Mode,Status,AC,Gender,Age,Selected AC,Missing AC,Missing Gender,Missing Age,Date Label,Created At,Start Time
b85fb614-d7ad-46f5-905e-b0d55018b270,695884eefa7d6b476f805360,672aaf58-007e-4f98-a320-226887472717,capi,Pending_Approval,Asansol Dakshin,MISSING,MISSING,Asansol Dakshin,No,Yes,Yes,Other,2026-01-03T02:54:38.785Z,2026-01-02T12:22:56.464Z
c5bc52de-ca2b-472b-b72b-ad4e37ddcb28,69588a9c9c7a8d79859a82c6,b071558c-a31c-4b34-8b11-12a61e023197,cati,Pending_Approval,COOCHBEHAR DAKSHIN,MISSING,MISSING,COOCHBEHAR DAKSHIN,No,Yes,Yes,Other,2026-01-03T03:18:52.895Z,2026-01-03T03:18:23.279Z
e3db38c9-bab0-4562-80e9-a3b75e3e2e8b,69588c573430681a9bd14eca,998be03f-bbcc-4929-ba74-21ec8cb00ce4,cati,Pending_Approval,Madarihat,MISSING,MISSING,Madarihat,No,Yes,Yes,Other,2026-01-03T03:26:15.952Z,2026-01-03T03:25:49.417Z
285ffba9-19c4-4d95-84be-aad4a1a70d22,69588c7720aaab5320e2d574,7550e3d2-d933-4a2b-8ac6-f194078bbbf6,cati,Pending_Approval,Madarihat,MISSING,MISSING,Madarihat,No,Yes,Yes,Other,2026-01-03T03:26:47.547Z,2026-01-03T03:26:29.989Z
986c6f1a-9ac4-4344-bc53-0061be70e458,69588df57c6013303bed377b,f084d503-de38-45ab-b48b-33ab6b73a3d5,cati,Pending_Approval,Madarihat,MISSING,MISSING,Madarihat,No,Yes,Yes,Other,2026-01-03T03:33:09.768Z,2026-01-03T03:32:47.026Z
75236f80-4c8f-4ebb-a139-d2cb354dd412,69588eeef671334b88c08c88,66a8b7e7-42bc-4998-9046-e8c85a86d5ad,cati,Pending_Approval,Madarihat,MISSING,MISSING,Madarihat,No,Yes,Yes,Other,2026-01-03T03:37:18.020Z,2026-01-03T03:36:47.526Z
69de8b24-5e3d-4b78-974d-87ad73e28514,695890446b9a08c47ad3f00a,a44a4747-3f62-4fe4-8932-9dc3b269178b,cati,Pending_Approval,Madarihat,MISSING,MISSING,Madarihat,No,Yes,Yes,Other,2026-01-03T03:43:00.146Z,2026-01-03T03:42:28.324Z
70ebcef6-a419-4c93-8122-39cbe43382f6,6958904437f434fdbbd4f1f7,dee5408a-8a7b-4eb0-9697-c36b54be760c,cati,Pending_Approval,Madarihat,MISSING,MISSING,Madarihat,No,Yes,Yes,Other,2026-01-03T03:43:00.654Z,2026-01-03T03:42:45.730Z
4cda305e-09f3-4bde-8aaf-fc89f636e954,6958910ccd4728cd542423d2,e1e0c300-fa5c-4251-b169-ba3b688e9e99,cati,Pending_Approval,Madarihat,MISSING,MISSING,Madarihat,No,Yes,Yes,Other,2026-01-03T03:46:20.404Z,2026-01-03T03:43:04.297Z
6e84e89f-ecad-48e0-8aeb-293b847fced4,6958910d804752a6f56ee083,60b529ad-dda3-4fb7-bf14-5465ee290a19,cati,Pending_Approval,Madarihat,MISSING,MISSING,Madarihat,No,Yes,Yes,Other,2026-01-03T03:46:21.075Z,2026-01-03T03:43:33.451Z
b230554b-ef75-454d-a93b-230c9f74943d,6958910d80033a7aa5fcc1c3,7c5c9cb3-9e15-4fb0-b34f-91e9e4aa7405,cati,Pending_Approval,Madarihat,MISSING,MISSING,Madarihat,No,Yes,Yes,Other,2026-01-03T03:46:21.803Z,2026-01-03T03:44:01.783Z
0882a271-5451-4093-a26d-5952a1d91101,6958910eab010fd248239b37,82947328-b20c-45d9-9c93-78df7369b2e9,cati,Pending_Approval,Madarihat,MISSING,MISSING,Madarihat,No,Yes,Yes,Other,2026-01-03T03:46:22.515Z,2026-01-03T03:44:21.194Z
7d44cfa3-10f3-439a-be12-be5703e1bf5f,6958910f804752a6f56ee70c,1c4384c9-8eac-470c-a54b-83c6c9b0466a,cati,Pending_Approval,Madarihat,MISSING,MISSING,Madarihat,No,Yes,Yes,Other,2026-01-03T03:46:23.306Z,2026-01-03T03:44:43.635Z
97fd36c4-35ab-4aa5-9193-33e03aa809fd,69589110cd4728cd5424309d,22fc5854-55a5-48ae-880a-b5e001ca32fe,cati,Pending_Approval,Madarihat,MISSING,MISSING,Madarihat,No,Yes,Yes,Other,2026-01-03T03:46:24.068Z,2026-01-03T03:45:30.348Z
eaa6e375-bf19-489c-ae6e-02b78e25c2c3,6958912aab010fd24823c3e2,59626d5b-b997-4d59-b6c9-f3a50dabe0b4,cati,Pending_Approval,Madarihat,MISSING,MISSING,Madarihat,No,Yes,Yes,Other,2026-01-03T03:46:50.325Z,2026-01-03T03:45:44.673Z
56228a8a-5223-4253-8eaa-5b94ce7845aa,6958912a94f0e1b79c022519,8591ee66-427b-49d3-af14-d110d25694ff,cati,Pending_Approval,Madarihat,MISSING,MISSING,Madarihat,No,Yes,Yes,Other,2026-01-03T03:46:50.909Z,2026-01-03T03:46:30.828Z
17726cfc-0d04-48db-8512-fa48b66eeb2d,6958914980033a7aa5fd0d5b,7cbabcf4-062f-438c-930a-0e25c61caef6,cati,Pending_Approval,Madarihat,MISSING,MISSING,Madarihat,No,Yes,Yes,Other,2026-01-03T03:47:21.683Z,2026-01-03T03:46:42.642Z
072c46c1-af37-4fc0-8a36-522a4c8ed30a,6958914bedda06a3f53e1c9a,0d1ed50d-6ebf-4da0-82dc-b95f68b7d758,cati,Pending_Approval,Madarihat,MISSING,MISSING,Madarihat,No,Yes,Yes,Other,2026-01-03T03:47:23.382Z,2026-01-03T03:47:08.206Z
63299e04-a33a-44b8-a0a7-5c3c7c52c5c8,69589169b0d5fd61949dec08,4d73c03b-556e-404d-a52d-98456987605c,cati,Pending_Approval,Madarihat,MISSING,MISSING,Madarihat,No,Yes,Yes,Other,2026-01-03T03:47:53.626Z,2026-01-03T03:47:30.359Z
c6a0436b-41e9-468f-b896-b4b81cba6250,695891c4536deb9baa3911ba,6be5eda9-be56-40c0-9f43-c15b5dbe7240,cati,Pending_Approval,Madarihat,MISSING,MISSING,Madarihat,No,Yes,Yes,Other,2026-01-03T03:49:24.418Z,2026-01-03T03:48:12.584Z
2696f751-c732-4f59-8e1d-cbba2cb665c5,695891ec2651ac463712b3e9,f0700a3b-efaa-404a-a73b-55b593f98a4c,cati,Pending_Approval,Madarihat,MISSING,MISSING,Madarihat,No,Yes,Yes,Other,2026-01-03T03:50:04.548Z,2026-01-03T03:49:23.721Z
7da228e7-9f6f-4898-ab7b-0c605abfd14d,6958920db0cf2b74432edae7,b2ad3568-7acd-48c2-8f37-74e5cbc3f50a,cati,Pending_Approval,Madarihat,MISSING,MISSING,Madarihat,No,Yes,Yes,Other,2026-01-03T03:50:37.949Z,2026-01-03T03:49:51.637Z
c522ba47-22e8-4a57-9169-b53a77f23d9d,6958922e612df8cc96c531e3,9f09772f-5ce9-4365-a694-3ebf96f8395c,cati,Pending_Approval,Madarihat,MISSING,MISSING,Madarihat,No,Yes,Yes,Other,2026-01-03T03:51:10.928Z,2026-01-03T03:50:14.767Z
e8c98442-ce15-4310-8972-25f866a6c7ad,6958924e0a2af5c75aa684a9,dffc90c4-31e0-4521-8499-5bda1f1407cb,cati,Pending_Approval,Madarihat,MISSING,MISSING,Madarihat,No,Yes,Yes,Other,2026-01-03T03:51:42.479Z,2026-01-03T03:51:01.990Z
65a8b4ad-6ced-4e04-aec2-92db07fdc612,695892740a2af5c75aa6e04a,23064409-bd37-476f-8d6c-5f56acb8f6e3,cati,Pending_Approval,Madarihat,MISSING,MISSING,Madarihat,No,Yes,Yes,Other,2026-01-03T03:52:20.104Z,2026-01-03T03:51:32.026Z
f13bae8e-ec39-43b1-9c35-c0bdb0e020b1,695892a1e5162066d86091bf,e7037e90-9f84-47e2-88bf-de9edf3ed963,cati,Pending_Approval,Madarihat,MISSING,MISSING,Madarihat,No,Yes,Yes,Other,2026-01-03T03:53:05.780Z,2026-01-03T03:52:19.384Z
6e5df705-47fc-4b16-88f1-cefe348d4abc,695892a24259dbff1341ad3b,1712d081-8a9b-4eff-94c4-15a42efa6ad4,cati,Pending_Approval,Madarihat,MISSING,MISSING,Madarihat,No,Yes,Yes,Other,2026-01-03T03:53:06.758Z,2026-01-03T03:52:37.743Z
392770a3-9b76-4a85-b08f-d62f98806917,695894871959f81852fa2387,3309202a-d252-4bbb-b567-737d671612d2,capi,Pending_Approval,MISSING,MISSING,MISSING,(null),Yes,Yes,Yes,Other,2026-01-03T04:01:11.658Z,2025-12-30T07:42:22.301Z
388033c9-aef5-4e30-85f0-27bf7734606c,695897010d9579556538047d,476c9741-7f43-47dc-a19e-bafc167d36f1,capi,Pending_Approval,MISSING,MISSING,MISSING,(null),Yes,Yes,Yes,Other,2026-01-03T04:11:45.890Z,2025-12-29T03:24:17.907Z
e20a7225-68e4-424b-94aa-05772c0bcefd,69589b790e350a27a0697dce,30c0c10e-c316-4960-926c-258de997b655,capi,Pending_Approval,MISSING,MISSING,MISSING,(null),Yes,Yes,Yes,Other,2026-01-03T04:30:49.485Z,2026-01-03T04:30:01.981Z
b60173c0-f11c-4e3d-a215-046516ed9cfe,69589ca22786afcac3bdf4db,9d23b25c-83df-47b8-b0c8-553884ecb95f,cati,Pending_Approval,Madarihat,yes_,MISSING,Madarihat,No,No,Yes,Other,2026-01-03T04:35:46.752Z,2026-01-03T04:32:57.560Z
1f27c905-b002-4038-9c06-eacdd9d41b21,69589e0e7ddc2c4c1f816d6d,0ccb8ce8-bf94-48ac-b542-9611fe4f1c09,cati,Pending_Approval,Madarihat,yes_,MISSING,Madarihat,No,No,Yes,Other,2026-01-03T04:41:50.673Z,2026-01-03T04:41:34.721Z
d7918da0-a8e3-4d39-be65-dbecbc02a950,69589f1050802097d3d77a53,29f86703-e9b0-41dd-994c-07166732189b,cati,Pending_Approval,Madarihat,MISSING,MISSING,Madarihat,No,Yes,Yes,Other,2026-01-03T04:46:08.226Z,2026-01-03T04:45:35.161Z
a658eaa6-96e0-41b5-8443-3e81c478b8be,69589f25bb1485fae08b0042,offline_1767441470288_yyu0ogxvk,capi,Pending_Approval,MISSING,MISSING,MISSING,(null),Yes,Yes,Yes,Other,2026-01-03T04:46:29.286Z,2026-01-01T07:54:38.509Z
455016eb-ed0d-45e3-863d-5ec4a23cae1c,69589f303981eba10ca08765,050f3834-63aa-40a5-ab09-b133e3a51913,cati,Pending_Approval,Madarihat,MISSING,MISSING,Madarihat,No,Yes,Yes,Other,2026-01-03T04:46:40.138Z,2026-01-03T04:46:06.103Z
da8faf56-ef08-4779-b9dd-77720cbebfd4,69589fdcfd67537805cd8f0c,c87d5cf1-5819-4efd-8aae-5f8a254260a5,cati,Pending_Approval,Madarihat,MISSING,MISSING,Madarihat,No,Yes,Yes,Other,2026-01-03T04:49:32.913Z,2026-01-03T04:47:54.566Z
f45ac64a-3e97-4684-8f3c-d225e2c9d70c,69589fdfa0204bd44f0db318,f8d4ae18-f595-43cc-9284-49f8754519fe,cati,Pending_Approval,Madarihat,MISSING,MISSING,Madarihat,No,Yes,Yes,Other,2026-01-03T04:49:35.451Z,2026-01-03T04:48:38.908Z
9af69991-ebfc-498f-983f-a0e43b488c9e,6958a0742d5f81cbe15272cd,69ccbf5f-c927-4680-92fa-4832ab11c4e8,cati,Pending_Approval,Madarihat,MISSING,MISSING,Madarihat,No,Yes,Yes,Other,2026-01-03T04:52:04.118Z,2026-01-03T04:50:06.210Z
88ed2134-4cca-46bf-bb75-2b7137766d33,6958a18d46114f0faad9f552,9bb53f28-2778-4008-85a1-3457bb8cff1b,cati,Pending_Approval,Madarihat,MISSING,MISSING,Madarihat,No,Yes,Yes,Other,2026-01-03T04:56:45.574Z,2026-01-03T04:42:00.081Z
fe6c2089-5ef8-4a76-9e53-5f95b8f4eef2,6958a270c50d8ef41f175aa8,7236a4c2-7424-4be0-ab29-a3e9ab536cc6,cati,Pending_Approval,Madarihat,MISSING,MISSING,Madarihat,No,Yes,Yes,Other,2026-01-03T05:00:32.840Z,2026-01-03T05:00:26.734Z
17979bf8-2b24-4515-8460-af778e3738af,6958a2b74f3bc15fbe5f978f,69dafc93-adf8-44b2-b703-afc0a17a1fb7,cati,Pending_Approval,Madarihat,MISSING,MISSING,Madarihat,No,Yes,Yes,Other,2026-01-03T05:01:43.419Z,2026-01-03T05:00:45.086Z
a62e04fc-af2b-43a0-bc98-07e28d9449c5,6958a30c9545ed0dff78f0f1,793c2583-1971-4b48-9604-940e96d806da,cati,Pending_Approval,Madarihat,MISSING,MISSING,Madarihat,No,Yes,Yes,Other,2026-01-03T05:03:08.752Z,2026-01-03T04:51:17.199Z
c9b69756-42aa-4b9e-9005-570bbf2b9a6e,6958a36a0104bff898d45b93,f619ecaa-c399-4520-95fa-7eb03a841ed2,cati,Pending_Approval,Madarihat,MISSING,MISSING,Madarihat,No,Yes,Yes,Other,2026-01-03T05:04:42.844Z,2026-01-03T05:03:28.389Z
18fc24ab-6ab6-4335-9ff5-a36c452397f4,6958a37b211ca297ddf2a4c2,8eff9137-8a75-406d-afaa-94e3bc3f0b2b,cati,Pending_Approval,Madarihat,MISSING,MISSING,Madarihat,No,Yes,Yes,Other,2026-01-03T05:04:59.186Z,2026-01-03T05:02:43.403Z
e74c2e38-9168-4854-8833-49f7bcbad212,6958a37fb5ae088c9b7c90ad,f9cc3239-7d4d-4709-9823-c2f9af2b9a06,cati,Pending_Approval,Madarihat,MISSING,MISSING,Madarihat,No,Yes,Yes,Other,2026-01-03T05:05:03.964Z,2026-01-03T05:04:14.832Z
4ddf6f3b-4ac2-4ac3-a9e5-ceba8841d2f4,6958a387b5ae088c9b7cbfeb,98bb2df1-775b-4dc5-8aee-e19cb1b34a04,cati,Pending_Approval,Madarihat,MISSING,MISSING,Madarihat,No,Yes,Yes,Other,2026-01-03T05:05:11.413Z,2026-01-03T05:03:07.926Z
de046ee5-b4e0-4071-ab27-9a551f5a6856,6958a38f0104bff898d49663,da11d7d2-b532-4c39-9a00-e8b35e744958,cati,Pending_Approval,Madarihat,MISSING,MISSING,Madarihat,No,Yes,Yes,Other,2026-01-03T05:05:19.714Z,2026-01-03T05:03:29.592Z
48145de1-1669-430b-b2f8-2fe3d047b953,6958a391b5ae088c9b7cd333,1a788b34-7c1b-40e8-825f-55f5a0b28195,cati,Pending_Approval,Madarihat,MISSING,MISSING,Madarihat,No,Yes,Yes,Other,2026-01-03T05:05:21.359Z,2026-01-03T05:05:01.006Z
84949ee3-786e-46e2-aadd-5813d426e5b2,6958a3ab403dd974dc12a73d,917f15eb-38a7-4fb6-982a-e352680cc110,cati,Pending_Approval,Madarihat,MISSING,MISSING,Madarihat,No,Yes,Yes,Other,2026-01-03T05:05:47.572Z,2026-01-03T05:03:54.288Z
542fcdb9-5612-4af3-b303-c5c83d4cb662,6958a3f15c7e1d5b440cf859,fccedd2c-5b55-4f00-95a4-af9cd6feff18,cati,Pending_Approval,Madarihat,MISSING,MISSING,Madarihat,No,Yes,Yes,Other,2026-01-03T05:06:57.668Z,2026-01-03T05:05:02.876Z
42bb2da0-790b-4500-9736-2eefc6b5e8d3,6958a3f84e85a8869ff20eb6,aea0657e-1492-442b-9f8f-4c64751bef24,cati,Pending_Approval,Madarihat,MISSING,MISSING,Madarihat,No,Yes,Yes,Other,2026-01-03T05:07:04.712Z,2026-01-03T05:04:32.472Z
0e74e3fe-d9f0-4f5e-9ee9-2da4afddc1a9,6958a414445f9837d4b948f0,ae6c6757-6de5-4a6d-bed2-d907468af3e1,cati,Pending_Approval,Madarihat,MISSING,MISSING,Madarihat,No,Yes,Yes,Other,2026-01-03T05:07:32.514Z,2026-01-03T05:06:31.834Z
5004fd33-dac6-4a34-9c74-15625d896f82,6958a41d8060a5446a85afa0,6b4b84ce-ba82-4f01-b63f-01986ccb19df,cati,Pending_Approval,Madarihat,MISSING,MISSING,Madarihat,No,Yes,Yes,Other,2026-01-03T05:07:41.458Z,2026-01-03T05:06:06.325Z
ee9f7040-5630-4331-8272-5f332bd73d21,6958a44c445f9837d4b99677,7a4c16df-2b7e-40cc-9614-0964ab415c98,cati,Pending_Approval,Madarihat,no_,MISSING,Madarihat,No,No,Yes,Other,2026-01-03T05:08:28.474Z,2026-01-03T05:07:00.796Z
9db061fc-4e26-4f91-9957-fefe1f946080,6958a49fea9787281f910754,bab70987-650f-44c7-b613-37384f69bab7,capi,Pending_Approval,Shyampukur,MISSING,MISSING,Shyampukur,No,Yes,Yes,Other,2026-01-03T05:09:51.702Z,2026-01-03T00:10:40.218Z
31390634-5083-49b9-b272-6ea5bdfd42a2,6958a4c9e79744399dd1b2ed,875f6866-7dae-47a9-8b93-12c81d90d479,cati,Pending_Approval,Madarihat,MISSING,MISSING,Madarihat,No,Yes,Yes,Other,2026-01-03T05:10:33.260Z,2026-01-03T05:09:12.762Z
23fe8e8e-f98c-408f-8424-02480031de4d,6958a4e0df4e68807c03fe99,7d3036f5-933f-497d-a192-89bb7ff640bd,cati,Pending_Approval,Madarihat,MISSING,MISSING,Madarihat,No,Yes,Yes,Other,2026-01-03T05:10:56.188Z,2026-01-03T05:10:33.176Z
fb5b7141-fc26-4134-83a6-bf65788bc44c,6958a4f961c6a17e777151bc,3cb64264-b94f-48ce-a3ed-c494fc452a79,cati,Pending_Approval,Madarihat,MISSING,MISSING,Madarihat,No,Yes,Yes,Other,2026-01-03T05:11:21.486Z,2026-01-03T05:10:31.148Z
656ddbe7-c92c-4404-8bbe-ce717db081f2,6958a535093a37b5b2810ba4,23206ea2-dc1c-4860-b1b6-d6a0c07fac67,cati,Pending_Approval,Madarihat,MISSING,MISSING,Madarihat,No,Yes,Yes,Other,2026-01-03T05:12:21.004Z,2026-01-03T05:11:18.300Z
febcda91-3eca-4bd0-b637-db874a43eeee,6958a546858a0be77df2ef19,245b0ba7-b214-4769-adf2-1c242af56a45,cati,Pending_Approval,Madarihat,MISSING,MISSING,Madarihat,No,Yes,Yes,Other,2026-01-03T05:12:38.234Z,2026-01-03T05:11:58.492Z
de16b95c-aca4-480d-8939-5cddf1e96303,6958a55f0dd2b22f817316b7,085eb7a7-a2dd-40fc-ba03-20b00430486a,cati,Pending_Approval,Madarihat,MISSING,MISSING,Madarihat,No,Yes,Yes,Other,2026-01-03T05:13:03.201Z,2026-01-03T05:11:49.200Z
ee645e79-8dd1-4cfa-980c-570f25dee0c1,6958a5ac41de54bc2d709a0e,20a624bd-7127-4af5-9030-46213fc90eb7,cati,Pending_Approval,Madarihat,MISSING,MISSING,Madarihat,No,Yes,Yes,Other,2026-01-03T05:14:20.772Z,2026-01-03T05:13:00.595Z
75de5c52-413a-4226-95d9-edfbe19e4502,6958a5b5466d9f7588585f0b,2aefe3a5-d387-49ab-b7a7-2a0bd0672956,cati,Pending_Approval,Madarihat,MISSING,MISSING,Madarihat,No,Yes,Yes,Other,2026-01-03T05:14:29.957Z,2026-01-03T05:13:29.023Z
d8c3e584-f29b-4d4f-a63e-9a494df5bf28,6958a5d72bbc0e1b47d19cce,cc0e1d6a-b12f-461c-bcd0-e112faf0b8bf,cati,Pending_Approval,Madarihat,MISSING,MISSING,Madarihat,No,Yes,Yes,Other,2026-01-03T05:15:03.718Z,2026-01-03T05:14:28.934Z
e7c9b9bd-6c5c-4ef3-9e61-9fac67d8a863,6958a5fba18bb9181dee91d9,5716848d-68a6-4b5a-b3f4-87282d12cfd3,cati,Pending_Approval,Madarihat,MISSING,MISSING,Madarihat,No,Yes,Yes,Other,2026-01-03T05:15:39.897Z,2026-01-03T05:14:51.359Z
25dedf2a-3865-4d1d-aa59-47bb805b7b84,6958a621701e71cb38a0ea5c,a1f59772-fa6d-497f-b90e-02526ca1ee53,cati,Pending_Approval,Madarihat,MISSING,MISSING,Madarihat,No,Yes,Yes,Other,2026-01-03T05:16:17.437Z,2026-01-03T05:14:19.700Z
4db0c660-ef40-4988-afb8-1caaf3466232,6958a626afeb85b1034e4f75,13a07c66-1bc1-4134-8027-b44fc49dcde6,cati,Pending_Approval,Madarihat,MISSING,MISSING,Madarihat,No,Yes,Yes,Other,2026-01-03T05:16:22.150Z,2026-01-03T05:15:06.233Z
df9c345c-9e53-4b08-9d2c-d431379084d3,6958a662dd1bdbf54455cdf8,cee6f6cd-71f8-4790-be55-6f9ca292a475,cati,Pending_Approval,Madarihat,MISSING,MISSING,Madarihat,No,Yes,Yes,Other,2026-01-03T05:17:22.670Z,2026-01-03T05:16:18.690Z
9678a232-060a-457a-85fb-664d7118b1b2,6958a679f5528f032f2d963c,3ba81044-17d3-44f7-ae03-f9a6b5b24087,cati,Pending_Approval,Madarihat,yes_,MISSING,Madarihat,No,No,Yes,Other,2026-01-03T05:17:45.551Z,2026-01-03T05:17:02.693Z
c9bc2b64-8857-4e98-808a-ab9566dfaaa9,6958a684c74b3ea0daabebf4,aa8c195a-ad9e-4949-b381-4f64f3cc2a5a,cati,Pending_Approval,Madarihat,MISSING,MISSING,Madarihat,No,Yes,Yes,Other,2026-01-03T05:17:56.642Z,2026-01-03T05:17:18.457Z
01ad943d-bfed-408e-ac03-344a1294b34c,6958a68b1eec3a41135679ef,943c5d16-fa90-4cfa-aa88-3b2936aa60da,capi,Pending_Approval,MISSING,MISSING,MISSING,(null),Yes,Yes,Yes,Other,2026-01-03T05:18:03.512Z,2026-01-01T07:44:10.137Z
f4e1cf7a-4ef9-49d7-b348-1bf2403fd61e,6958a69cf5534df1b0a8e3c8,f8549821-80e0-4292-b550-c44153c10959,cati,Pending_Approval,Madarihat,MISSING,MISSING,Madarihat,No,Yes,Yes,Other,2026-01-03T05:18:20.678Z,2026-01-03T05:15:57.726Z
740a76d5-7cc1-4173-bd72-51c7128760e9,6958a6d0859352eb227ad8da,4456664b-3d1c-4fb6-a18b-046de2c3cc4a,cati,Pending_Approval,Madarihat,MISSING,MISSING,Madarihat,No,Yes,Yes,Other,2026-01-03T05:19:12.634Z,2026-01-03T05:18:00.154Z
4aee1369-cc41-4a61-8e1d-c79f44323eb6,6958a6fa859352eb227af3e2,c5e547f0-a79b-4b76-b28e-420032ddbeef,cati,Pending_Approval,Madarihat,MISSING,MISSING,Madarihat,No,Yes,Yes,Other,2026-01-03T05:19:54.219Z,2026-01-03T05:18:52.563Z
26a30f08-c237-467e-b602-0910754e2bb3,6958a728c5d9640cfe6fd0dd,df79494a-832b-40fd-9ed4-a67b159418dc,cati,Pending_Approval,Madarihat,MISSING,MISSING,Madarihat,No,Yes,Yes,Other,2026-01-03T05:20:40.943Z,2026-01-03T05:19:54.138Z
2aa7c99b-97c1-4eab-be76-49f65dfe92a9,6958a741213d3f4f6842ba70,94eb867a-26b8-4cd1-9698-c010e27fec77,cati,Pending_Approval,Madarihat,MISSING,MISSING,Madarihat,No,Yes,Yes,Other,2026-01-03T05:21:05.407Z,2026-01-03T05:20:22.016Z
e20b24c7-c664-4cdf-9c00-941e4c3149e2,6958a76e5f141ad286abeee2,f1fd2f6e-efc7-4442-a1fc-e0132975e371,capi,Pending_Approval,MISSING,MISSING,MISSING,(null),Yes,Yes,Yes,Other,2026-01-03T05:21:50.101Z,2026-01-03T05:21:09.181Z
973104a3-fb28-4c83-88d0-e5f267b1bad4,6958a77d9d09965e43fb5af4,5ed2ff0a-4cef-45a0-a61c-d3fa4911a312,cati,Pending_Approval,Madarihat,MISSING,MISSING,Madarihat,No,Yes,Yes,Other,2026-01-03T05:22:05.992Z,2026-01-03T05:20:42.390Z
52d0a92d-24fc-4cff-9cd8-7de2f8e2ea21,6958a7bd45bbb9d95f0d09f5,57499117-4025-452d-b54c-73493064c467,cati,Pending_Approval,Madarihat,MISSING,MISSING,Madarihat,No,Yes,Yes,Other,2026-01-03T05:23:09.446Z,2026-01-03T05:21:36.731Z
39ddae23-d268-4ee4-bc36-d673fcbd10e4,6958a7cc4ffd47e08a2df68d,6603858a-0e28-4e75-8d09-74450d7ca128,cati,Pending_Approval,Madarihat,MISSING,MISSING,Madarihat,No,Yes,Yes,Other,2026-01-03T05:23:24.631Z,2026-01-03T05:22:28.934Z
763e5808-cb45-4509-8d74-91d1e14846ad,6958a87cca1d663ae2780f3e,ff88103a-1006-4a2f-95eb-c96a838b94e3,capi,Pending_Approval,Bhagabanpur,MISSING,MISSING,Bhagabanpur,No,Yes,Yes,Other,2026-01-03T05:26:20.654Z,2026-01-02T05:43:38.862Z
8f5638e1-1604-48eb-a932-dfdf74c5017c,6958a881ca1d663ae2782fdd,4f892bb3-3462-4130-8b28-1a26e86b87ac,cati,Pending_Approval,Madarihat,MISSING,MISSING,Madarihat,No,Yes,Yes,Other,2026-01-03T05:26:25.280Z,2026-01-03T05:24:50.400Z
36d314d7-51dd-45e7-aaf3-55394a3d43d7,6958a9063f41fa4748068794,e73c9438-7eca-4f24-bd54-fce25855c3e4,cati,Pending_Approval,Madarihat,MISSING,MISSING,Madarihat,No,Yes,Yes,Other,2026-01-03T05:28:38.162Z,2026-01-03T05:26:48.595Z
5e5cde24-ed83-41d4-9bae-d3de789a2dfb,6958ae3f3cc3e59edcc83040,040542a3-5cd9-4acc-bdd3-fe38f6e24c86,cati,Pending_Approval,Madarihat,MISSING,MISSING,Madarihat,No,Yes,Yes,Other,2026-01-03T05:50:55.448Z,2026-01-03T05:47:23.433Z
d4fbae0a-c52f-4810-9136-c064c3599715,6958aeb04c4b5544d26321f7,00a76338-91b5-4017-aa65-cdfb81172b1a,capi,Pending_Approval,Kamarhati,MISSING,MISSING,Kamarhati,No,Yes,Yes,Other,2026-01-03T05:52:48.805Z,2026-01-03T05:47:03.510Z
154dfdc5-25d3-49bf-a904-0234bc6a68ef,6958b04a0774dac20e191770,a6fd4d9f-4e8b-4de5-9462-457208f6f831,capi,Pending_Approval,MISSING,MISSING,MISSING,(null),Yes,Yes,Yes,Other,2026-01-03T05:59:38.278Z,2026-01-03T05:57:34.217Z
892bd261-c0cc-4442-be05-b25dd9a29e3c,6958b517efb0f78f3947c285,619efd8d-435b-4d9a-a382-4bd35d4a4270,cati,Pending_Approval,Madarihat,MISSING,MISSING,Madarihat,No,Yes,Yes,Other,2026-01-03T06:20:07.838Z,2026-01-03T05:25:51.583Z
34113cc2-8d99-4cbf-8e27-a85e99eb4a2b,6958b711586ab8e02cfe6f9b,5ad3a8a6-efa3-4554-a76b-4bf8491c5cfd,capi,Pending_Approval,MISSING,MISSING,MISSING,(null),Yes,Yes,Yes,Other,2026-01-03T06:28:33.692Z,2026-01-03T06:08:22.132Z
13b50541-4408-4d95-9393-919bd1fecdb9,6958b73c3213a30bb49756ca,a6a0a68a-0348-4dae-8841-0230ba608f08,cati,Pending_Approval,Madarihat,MISSING,MISSING,Madarihat,No,Yes,Yes,Other,2026-01-03T06:29:16.127Z,2026-01-03T06:27:26.010Z
c7b5de4b-a8b7-4e20-9001-86ecef522498,6958b746586ab8e02cfe9686,ddb09145-4910-404d-80dc-fb5f00ea89fa,cati,Pending_Approval,Madarihat,MISSING,MISSING,Madarihat,No,Yes,Yes,Other,2026-01-03T06:29:26.534Z,2026-01-03T06:28:25.822Z
380b18d9-b19e-4704-b7d6-39b8d994f274,6958b80a24e0bdd8ef2d77b9,7c17421f-cbc3-4aad-95fd-708bcb1339e6,capi,Pending_Approval,Samserganj,MISSING,MISSING,Samserganj,No,Yes,Yes,Other,2026-01-03T06:32:42.400Z,2026-01-03T04:54:40.448Z
6fbf4b87-e28c-4681-9fb3-35a5d6fd05ec,6958b87054b387beb4441888,341d75d6-4765-440e-a023-f8d963ae70dc,capi,Pending_Approval,MISSING,MISSING,MISSING,(null),Yes,Yes,Yes,Other,2026-01-03T06:34:24.058Z,2026-01-03T05:34:41.145Z
80e9d48e-c505-4d69-afc5-fa3dcfdf8f97,6958bb4ef282bcebc8c4e57c,60277867-51da-485c-8a40-f93640ec7dda,cati,Pending_Approval,Madarihat,MISSING,MISSING,Madarihat,No,Yes,Yes,Other,2026-01-03T06:46:38.405Z,2026-01-03T06:40:00.528Z
08bb2b5e-cc14-4c85-b575-49fdd63dc27f,6958bb8233435fea64921734,73d85e42-e114-4ba5-9757-491e90e1eb8c,cati,Pending_Approval,Madarihat,MISSING,MISSING,Madarihat,No,Yes,Yes,Other,2026-01-03T06:47:30.663Z,2026-01-03T06:40:24.233Z
39d33188-8f46-42a4-b3b7-36b08b3ad376,6958bb9d71dad2b108f30d1e,46ae18dd-b6d4-40d7-8cef-77f56e85a978,cati,Pending_Approval,Madarihat,MISSING,MISSING,Madarihat,No,Yes,Yes,Other,2026-01-03T06:47:57.976Z,2026-01-03T06:46:32.985Z
f09cd5f0-225a-426e-916a-3c3c78e6433b,6958bdc573a8ad8949a79d85,7a4ceb9a-97f0-44b0-8c84-24bc81f6e40e,capi,Pending_Approval,MISSING,MISSING,MISSING,(null),Yes,Yes,Yes,Other,2026-01-03T06:57:09.441Z,2026-01-03T06:30:54.827Z
d9a9ef2d-018c-4803-a2b8-b88380e54c74,6958be074e855da1da2696a7,0cc48891-5528-4383-b5f6-178374ba9044,capi,Pending_Approval,MISSING,MISSING,MISSING,(null),Yes,Yes,Yes,Other,2026-01-03T06:58:15.181Z,2026-01-03T06:45:56.246Z
56699c8a-d020-4161-a21f-a0656668f549,6958be644ed21d1c458d90c8,7a92a6ae-7194-425e-87f1-c3a4392cdd11,cati,Pending_Approval,Madarihat,yes_,MISSING,Madarihat,No,No,Yes,Other,2026-01-03T06:59:48.789Z,2026-01-03T06:54:54.639Z
6be6bd9c-2e9f-48f6-9138-6436865b4eda,6958bf4ac8cabeab6086a3aa,ed5cc150-d061-43fb-b2d2-e7b4b3d38cd3,cati,Pending_Approval,Madarihat,MISSING,MISSING,Madarihat,No,Yes,Yes,Other,2026-01-03T07:03:38.570Z,2026-01-03T07:02:02.746Z
d130132b-c2e2-401a-80ee-b29bd7de3ed3,6958bf57799ceaf62c49655f,a423f5d5-da82-4091-9dc0-9a070a87a0ef,capi,Pending_Approval,Balagarh,MISSING,MISSING,Balagarh,No,Yes,Yes,Other,2026-01-03T07:03:51.157Z,2026-01-03T06:45:31.498Z
4cbb46b3-820c-4e28-b417-75a0ebc8b429,6958bf5a08fb9f29667b0aee,f94a2e0f-8238-4936-8a9a-790c3b196236,capi,Pending_Approval,Balagarh,MISSING,MISSING,Balagarh,No,Yes,Yes,Other,2026-01-03T07:03:54.728Z,2026-01-03T06:45:31.033Z
29da6952-4177-4af8-99fd-11863c57bf19,6958bf801a25d677ff5cdd46,cd2b6b7b-1073-4083-9000-75cbc7515e5c,capi,Pending_Approval,Balagarh,MISSING,MISSING,Balagarh,No,Yes,Yes,Other,2026-01-03T07:04:32.202Z,2026-01-03T06:45:30.796Z
faf91be6-a843-4746-801a-4ae7770f14bd,6958bf9c3bb34e8c8b4f70e8,a4d45740-aa6b-4a2a-9c89-59950ff2898e,capi,Pending_Approval,MISSING,MISSING,MISSING,(null),Yes,Yes,Yes,Other,2026-01-03T07:05:00.409Z,2026-01-03T07:04:30.574Z
4d1ccc29-ac76-4c2e-b2b2-bddc855d6b90,6958bfaa5016fcd75cd0a9bd,fec1ee4c-d534-4a33-af0f-a5ca3329325f,cati,Pending_Approval,Madarihat,MISSING,MISSING,Madarihat,No,Yes,Yes,Other,2026-01-03T07:05:14.332Z,2026-01-03T07:04:39.981Z
ca56988b-f7b9-4d73-b749-58138c454ecf,6958bfd81a25d677ff5cfdb5,2ea0d164-aaba-45b4-aec7-1e3f86813f4c,cati,Pending_Approval,Madarihat,MISSING,MISSING,Madarihat,No,Yes,Yes,Other,2026-01-03T07:06:00.191Z,2026-01-03T07:05:06.788Z
2e8d767a-d876-4f80-b163-c587aec5fbcc,6958bfdd5016fcd75cd0bd41,6b68c9fa-5cea-49ec-9973-357f6f597651,capi,Pending_Approval,MISSING,MISSING,MISSING,(null),Yes,Yes,Yes,Other,2026-01-03T07:06:05.359Z,2026-01-01T12:31:53.180Z
9b586849-873d-425c-a7d7-674a06b2c8ed,6958c0111b1e5b18ab3d1492,f9d2bcc8-7b7a-4142-b23f-43062314cd1d,cati,Pending_Approval,Madarihat,MISSING,MISSING,Madarihat,No,Yes,Yes,Other,2026-01-03T07:06:57.849Z,2026-01-03T07:05:58.070Z
a93c8950-330a-4d6e-925b-c90626c42187,6958c18d4e8f8cea2cb5a3e1,0559c654-bc40-4148-8c7b-923b969572f9,cati,Pending_Approval,Madarihat,MISSING,MISSING,Madarihat,No,Yes,Yes,Other,2026-01-03T07:13:17.150Z,2026-01-03T07:12:19.293Z
a0195a4f-6712-4d2b-9aaf-d32c5aa3f063,6958c290b0d03aa3ae6a0ab3,d861d09d-9a1e-4f1d-b270-a322d7c7f219,cati,Pending_Approval,Madarihat,MISSING,MISSING,Madarihat,No,Yes,Yes,Other,2026-01-03T07:17:36.605Z,2026-01-03T07:13:17.931Z
5dc63d8d-7f0c-4155-8e76-a2907b3726e1,6958c29429973ffe57d0db04,64549a7f-490a-49d6-857a-60379068f91d,cati,Pending_Approval,Madarihat,MISSING,MISSING,Madarihat,No,Yes,Yes,Other,2026-01-03T07:17:40.345Z,2026-01-03T07:14:29.804Z
c60b417c-e336-42a9-8dd0-6f525dd99bfa,6958c296b0d03aa3ae6a112d,d2744f28-65c3-473c-aef5-e5734f0790c3,cati,Pending_Approval,Madarihat,MISSING,MISSING,Madarihat,No,Yes,Yes,Other,2026-01-03T07:17:42.095Z,2026-01-03T07:15:49.539Z
92009d44-8ff7-4403-93be-745078d47aad,6958c29929973ffe57d0e179,2a20b35c-9c41-4081-89ff-cb146adce501,cati,Pending_Approval,Madarihat,MISSING,MISSING,Madarihat,No,Yes,Yes,Other,2026-01-03T07:17:45.957Z,2026-01-03T07:16:13.469Z
286fedce-5683-4768-8d38-3f44f2fb77cc,6958c2e9e7da7fc80af0eb1a,5fc028b8-2b46-477c-9d34-5987f25213d5,cati,Pending_Approval,Madarihat,MISSING,MISSING,Madarihat,No,Yes,Yes,Other,2026-01-03T07:19:05.966Z,2026-01-03T06:43:03.064Z
085624a8-0c27-468c-a1e7-c018d74e4109,6958c2edaf590571db078c57,b2e28f5f-0ff5-4433-9d50-d69f1c6073a0,cati,Pending_Approval,Madarihat,MISSING,MISSING,Madarihat,No,Yes,Yes,Other,2026-01-03T07:19:09.366Z,2026-01-03T06:43:47.042Z
548176ca-6ae2-4495-80cf-e77bdf9b23d0,6958c3030846822ae00dae66,7d737edb-9264-4ecb-a470-72747c3ad697,capi,Pending_Approval,MISSING,MISSING,MISSING,(null),Yes,Yes,Yes,Other,2026-01-03T07:19:31.060Z,2026-01-03T07:18:47.885Z
9d0942da-5684-476a-9dd7-653fcfea1a59,6958c3279c63b3020de2ea31,29ace924-0173-4d0d-a30b-62f4ab562ec4,cati,Pending_Approval,Madarihat,MISSING,MISSING,Madarihat,No,Yes,Yes,Other,2026-01-03T07:20:07.422Z,2026-01-03T06:44:18.782Z
28e723dc-176c-4810-b3ec-1b79e126f268,6958c3370846822ae00ddcf0,70d2c7a3-5203-44e1-af4e-05008a738956,cati,Pending_Approval,Madarihat,MISSING,MISSING,Madarihat,No,Yes,Yes,Other,2026-01-03T07:20:23.160Z,2026-01-03T07:19:11.505Z
9c6700e7-3176-4bab-b9a4-a7a380e0ae17,6958c368c8fb9f1b06236887,eb7706ff-345c-4aa8-99c4-4dc3e80c0621,cati,Pending_Approval,Madarihat,MISSING,MISSING,Madarihat,No,Yes,Yes,Other,2026-01-03T07:21:12.909Z,2026-01-03T07:19:20.779Z
02fb1d16-59ef-4a09-bfca-b791137be710,6958c3717c7454aedbd7eb98,d6b7a803-88db-4737-b998-cb45a61203fb,cati,Pending_Approval,Madarihat,MISSING,MISSING,Madarihat,No,Yes,Yes,Other,2026-01-03T07:21:21.479Z,2026-01-03T07:20:27.555Z
be74e2c0-e6b8-4080-9bbb-b585e9765080,6958c38fa3ab3efd4a38e4c1,9b9592b4-1c87-460d-9891-73c00a189d7c,cati,Pending_Approval,Madarihat,MISSING,MISSING,Madarihat,No,Yes,Yes,Other,2026-01-03T07:21:51.755Z,2026-01-03T07:20:48.147Z
d780271e-3271-4b0c-b79b-ec67d3f7502d,6958c39263eab20e7177dc5d,5bcaf0e8-73e0-4994-bfac-17d64b5acbb9,cati,Pending_Approval,Madarihat,MISSING,MISSING,Madarihat,No,Yes,Yes,Other,2026-01-03T07:21:54.019Z,2026-01-03T07:21:23.188Z
da64569b-189f-4e79-ab7e-a5b210721372,6958c454845e2dcc03fd17c9,b53cb534-64d6-4aaf-bf9d-d52640b96a8c,cati,Pending_Approval,Madarihat,MISSING,MISSING,Madarihat,No,Yes,Yes,Other,2026-01-03T07:25:08.745Z,2026-01-03T07:24:18.525Z
4e4c2974-5ac2-4c5f-bff2-65a92c76e827,6958c46f845e2dcc03fd2b6c,6d3d8b24-b34f-417e-aab2-91234fc5e180,cati,Pending_Approval,Madarihat,MISSING,MISSING,Madarihat,No,Yes,Yes,Other,2026-01-03T07:25:35.247Z,2026-01-03T07:23:55.087Z
07e6c869-483f-42b8-a221-47d82209ab23,6958c4748293c61ecfe024f4,0715752b-50be-41b3-a374-f080eaa0781d,cati,Pending_Approval,Madarihat,MISSING,MISSING,Madarihat,No,Yes,Yes,Other,2026-01-03T07:25:40.288Z,2026-01-03T07:25:03.315Z
f054410a-eaad-4258-9023-507cf2f07dbe,6958c4b58b9ad18c6a8f82e1,a1fd98b8-1058-49a7-8d9c-0cd730fa28b2,cati,Pending_Approval,Madarihat,MISSING,MISSING,Madarihat,No,Yes,Yes,Other,2026-01-03T07:26:45.818Z,2026-01-03T07:25:36.981Z
f539792d-395c-417c-be3a-cfd34b39a22d,6958c5082771d6f8bb8e16af,08e64f59-0553-4624-ad79-9dbbf5a09144,cati,Pending_Approval,Madarihat,MISSING,MISSING,Madarihat,No,Yes,Yes,Other,2026-01-03T07:28:08.773Z,2026-01-03T07:26:26.984Z
ef1e7c0a-ecfd-48ba-b53e-f5390502fa0b,6958c517198b8161dde4925a,10aba6a0-d3b3-402a-aa53-216acfcc9061,cati,Pending_Approval,Madarihat,MISSING,MISSING,Madarihat,No,Yes,Yes,Other,2026-01-03T07:28:23.858Z,2026-01-03T07:25:12.813Z
a8b7dbd5-69d2-49b9-9509-3fd8df6b8154,6958c52be0a26f217aff5a77,8a71481e-3041-4f9f-8784-1e8318e4689d,cati,Pending_Approval,Madarihat,MISSING,MISSING,Madarihat,No,Yes,Yes,Other,2026-01-03T07:28:43.022Z,2026-01-03T07:27:30.098Z
12767be2-f05e-4502-bbe9-3421942586ab,6958c680de6ff9a47a74b0fd,36185789-ae11-479c-8be9-0d133629b67d,cati,Pending_Approval,Madarihat,MISSING,MISSING,Madarihat,No,Yes,Yes,Other,2026-01-03T07:34:24.171Z,2026-01-03T07:28:42.330Z
d7196b9e-53ce-42d9-8020-84ee9d4b1f7d,6958c6af1b2747d14d1bf50b,05b7cdc3-93c2-4c0d-a9ff-150345f482e7,cati,Pending_Approval,Madarihat,MISSING,MISSING,Madarihat,No,Yes,Yes,Other,2026-01-03T07:35:11.549Z,2026-01-03T07:34:41.127Z
f0199a9e-81bb-45f3-9e7e-e49765ef3da2,6958c6dade6ff9a47a74e48a,07b75ddd-ef1f-4f05-8783-d99850a8a2f0,cati,Pending_Approval,Madarihat,MISSING,MISSING,Madarihat,No,Yes,Yes,Other,2026-01-03T07:35:54.611Z,2026-01-03T07:35:08.680Z
cbbb30e6-aaa1-4e1d-bede-a560f5cb29dd,6958c86bdc13faaef83d3ef6,441aea52-b7cb-4cb3-b01f-cda63544c290,capi,Pending_Approval,Basanti,MISSING,MISSING,Basanti,No,Yes,Yes,Other,2026-01-03T07:42:35.061Z,2026-01-03T05:47:13.021Z
da383eea-a4bf-4cd0-b01d-db35f989d509,6958c9b88066a898875fe9c7,091d2fde-316a-472b-93eb-da382709a4c5,cati,Pending_Approval,Madarihat,MISSING,MISSING,Madarihat,No,Yes,Yes,Other,2026-01-03T07:48:08.080Z,2026-01-03T07:28:06.980Z
0df3fb5e-d844-48ed-8be5-e31731dbb121,6958cac088e983db3387597d,b336b049-7b10-464d-824b-eae8560ef368,capi,Pending_Approval,MISSING,MISSING,MISSING,(null),Yes,Yes,Yes,Other,2026-01-03T07:52:32.682Z,2026-01-03T07:38:08.935Z
da9955cb-1c6e-4a8a-9cfe-4d609949df91,6958cb29bd7edfbb4804d684,c3d425c9-5cef-4643-a795-30cefd0c808c,cati,Pending_Approval,Madarihat,MISSING,MISSING,Madarihat,No,Yes,Yes,Other,2026-01-03T07:54:17.585Z,2026-01-03T07:53:49.201Z
d33f0105-0dff-45f8-bf76-7c26d7398360,6958cb601e9d21579cf6ac59,d01e3cbd-7c48-4a80-84a5-425acc9dc4a9,cati,Pending_Approval,Madarihat,MISSING,MISSING,Madarihat,No,Yes,Yes,Other,2026-01-03T07:55:12.976Z,2026-01-03T07:54:55.951Z
09ac80ef-055d-4d60-9151-df690af66f07,6958cb9178f155cfeb2a5434,cdeca29e-f480-4c53-8ad9-f85472ce1739,capi,Pending_Approval,MISSING,MISSING,MISSING,(null),Yes,Yes,Yes,Other,2026-01-03T07:56:01.361Z,2026-01-03T07:46:17.157Z
8500b0c2-48d3-4fb5-bf1d-b34a747aa733,6958cc790fc0c20131978303,727d3eba-7ca8-4c1a-9070-482e6a419b31,capi,Pending_Approval,MISSING,MISSING,MISSING,(null),Yes,Yes,Yes,Other,2026-01-03T07:59:53.317Z,2026-01-03T07:34:47.195Z
5fb3b357-228d-422e-b6c6-d763b0d7c2d1,6958cda4479bbeed3f6683df,1b26cb35-4c15-4ba0-836d-19ea714ed823,capi,Pending_Approval,MISSING,MISSING,MISSING,(null),Yes,Yes,Yes,Other,2026-01-03T08:04:52.495Z,2026-01-03T08:01:18.228Z
b946d03d-77eb-4261-8089-8ffa4cd7af95,6958d01cee9a1c3b7486fc9c,18db8e2b-cbbf-4ad5-9042-18cc2e6a93c9,cati,Pending_Approval,Madarihat,MISSING,MISSING,Madarihat,No,Yes,Yes,Other,2026-01-03T08:15:24.122Z,2026-01-03T07:55:05.075Z
37167a39-a842-425c-b6e4-477e16b5a74a,6958d050f8eb9084f1a30974,2c961482-bffb-4e0e-a86a-44be91a806a0,cati,Pending_Approval,Madarihat,MISSING,MISSING,Madarihat,No,Yes,Yes,Other,2026-01-03T08:16:16.112Z,2026-01-03T08:15:12.245Z
ec0e0399-d01d-468b-9ba9-3debf4c95f88,6958d06cec2c0831e2fe33ed,4de267c7-b685-4273-8817-3f2e1ce3103d,cati,Pending_Approval,Madarihat,MISSING,MISSING,Madarihat,No,Yes,Yes,Other,2026-01-03T08:16:44.252Z,2026-01-03T08:16:05.027Z
02fe0ac5-6365-40b8-a63e-9afde97b08b9,6958d0b73666a41be8c7b6b1,9d364283-6fee-4b98-86ef-861813bbcc9e,cati,Pending_Approval,Madarihat,MISSING,MISSING,Madarihat,No,Yes,Yes,Other,2026-01-03T08:17:59.267Z,2026-01-03T08:16:40.910Z
ddf4885d-a620-4267-bd70-147f975f0766,6958d0dff4cf87beee872169,1607fc93-7d90-4080-9920-29845e9a8564,cati,Pending_Approval,Madarihat,MISSING,MISSING,Madarihat,No,Yes,Yes,Other,2026-01-03T08:18:39.632Z,2026-01-03T08:17:22.607Z
2c567838-2b56-4f0f-84af-f59b60f75603,6958d109e05d24841875f26a,b9800b3b-d230-4dd3-ae17-1dcba1940e8e,cati,Pending_Approval,Madarihat,MISSING,MISSING,Madarihat,No,Yes,Yes,Other,2026-01-03T08:19:21.920Z,2026-01-03T08:18:33.989Z
55c2bc35-5ae9-4a17-8d62-f2245abf99c2,6958d1b6988a531094eea4d4,2643f17f-4827-4fe3-a518-be9e7a1e9051,cati,Pending_Approval,Madarihat,MISSING,MISSING,Madarihat,No,Yes,Yes,Other,2026-01-03T08:22:14.652Z,2026-01-03T08:19:52.955Z
33bc237a-d7a1-4136-8517-d3260aaa1b4b,6958d2e29e6377f8cc869246,19316ab9-9d44-45a9-9aa8-d7ba9de7a5ef,cati,Pending_Approval,Madarihat,MISSING,MISSING,Madarihat,No,Yes,Yes,Other,2026-01-03T08:27:14.562Z,2026-01-03T08:21:55.075Z
5aac36d4-73e1-4413-93dd-9a0f35122b07,6958d34fe67683fec89b893d,cbf36577-bfa0-49ef-ac06-ae8aea5625d7,cati,Pending_Approval,Madarihat,MISSING,MISSING,Madarihat,No,Yes,Yes,Other,2026-01-03T08:29:03.219Z,2026-01-03T08:26:57.427Z
bc7078a1-6b33-4db6-adef-58eb7294abe0,6958d475c67a7e8bef16a14b,116deb4f-fb61-4582-956f-1a155c86c245,capi,Pending_Approval,Kultali,MISSING,MISSING,Kultali,No,Yes,Yes,Other,2026-01-03T08:33:57.566Z,2026-01-03T08:28:08.033Z
1df61c65-37f7-4841-94d2-2bef7399358d,6958d48793bae16a3b62700e,656d947a-7189-4d26-bad9-f9334cd004ee,capi,Pending_Approval,Raghunathpur, Purulia,MISSING,MISSING,Raghunathpur, Purulia,No,Yes,Yes,Other,2026-01-03T08:34:15.371Z,2026-01-03T08:32:31.270Z
e4a5bcd1-1065-4d13-8a75-23b3f53ad6a8,6958d661266fc5c1b8206188,6459e9b2-4b35-4d83-8d25-74413b962a52,capi,Pending_Approval,Habra,MISSING,MISSING,Habra,No,Yes,Yes,Other,2026-01-03T08:42:09.911Z,2026-01-03T08:20:25.953Z
1ea05051-649c-478e-b941-6ab79b0d8cbd,6958d7510e248ceb776ca4c2,c032aa15-6c0d-41a3-975c-7e17766f3f48,capi,Pending_Approval,Habra,MISSING,MISSING,Habra,No,Yes,Yes,Other,2026-01-03T08:46:09.204Z,2026-01-03T08:22:43.867Z
3864d918-48b7-4126-b0e7-092e1548b39a,6958deb73d755962a2a8ddf9,67e2bd5e-d6cd-4003-ab5f-c928f537f0d9,capi,Pending_Approval,Balagarh,MISSING,MISSING,Balagarh,No,Yes,Yes,Other,2026-01-03T09:17:43.877Z,2026-01-03T09:14:22.619Z
8767d6b1-cedd-4f97-ae4f-0edb7bfd708a,6958e0ed530ab29577fb389b,5235e98b-9602-48bf-8527-c03725f80fcc,capi,Pending_Approval,MISSING,MISSING,MISSING,(null),Yes,Yes,Yes,Other,2026-01-03T09:27:09.037Z,2026-01-03T09:15:23.789Z
ab0429e1-0007-4a1f-8300-ad61b42cf3b8,6958e166b57a910b58d3ea60,e7ef544f-8641-44fd-8cf5-9db7c691b6f8,capi,Pending_Approval,MISSING,MISSING,MISSING,(null),Yes,Yes,Yes,Other,2026-01-03T09:29:10.726Z,2026-01-03T09:28:31.605Z
a6070def-3ae4-4cf7-ba76-cbc77a319278,6958e18ffd5c6348ebbdbff6,c58813c6-6a54-41bd-bf90-24861f207ce5,capi,Pending_Approval,Saltora,MISSING,MISSING,Saltora,No,Yes,Yes,Other,2026-01-03T09:29:51.570Z,2026-01-03T09:29:05.759Z
fc7ebd22-acd8-47d0-b829-d894da222409,6958e28e268726060e2c75e0,bdef97d8-2c12-46df-b5d5-05361e50c1f7,capi,Pending_Approval,Saltora,MISSING,MISSING,Saltora,No,Yes,Yes,Other,2026-01-03T09:34:06.571Z,2026-01-03T09:32:09.294Z
5efdabec-ed6c-470a-b56c-fdd089ae303c,6958e29aab7eac4062ef290e,948865ba-b0b4-46c2-991c-cebe319c741f,capi,Pending_Approval,Saltora,MISSING,MISSING,Saltora,No,Yes,Yes,Other,2026-01-03T09:34:18.579Z,2026-01-03T09:32:01.697Z
0fcdb7e3-7f2d-4bb8-9667-126626bf1f69,6958e6b2e4ec463164aafa23,ef14a8c0-ba16-41b2-9d5d-cd564b9aa906,capi,Pending_Approval,Katwa,MISSING,MISSING,Katwa,No,Yes,Yes,Other,2026-01-03T09:51:46.370Z,2026-01-03T09:44:02.453Z
ceb59b80-94f8-43d5-ae72-6d89fc6d74f2,6958e8d009ff6a7af46d7a46,1eb162bc-997d-4137-ac2a-2225d26f87fa,capi,Pending_Approval,MISSING,MISSING,MISSING,(null),Yes,Yes,Yes,Other,2026-01-03T10:00:48.112Z,2026-01-03T08:35:19.741Z
ca62cee4-c930-4f41-9215-6e5899913278,6958e8d5ca40dd214ca67ed1,6d261ef0-82f8-43a4-ae58-f1c0c2729c70,capi,Pending_Approval,Durgapur Paschim,MISSING,MISSING,Durgapur Paschim,No,Yes,Yes,Other,2026-01-03T10:00:53.643Z,2026-01-03T09:46:22.193Z
11130c3f-437a-4898-9b88-050b8a62a3fa,6958e941a1be93222c380b1b,c593f825-64b5-479d-938c-be38f8ce1a48,cati,Pending_Approval,Madarihat,MISSING,MISSING,Madarihat,No,Yes,Yes,Other,2026-01-03T10:02:41.227Z,2026-01-03T07:51:07.135Z
1d430b30-c1f6-4d75-a40a-f483b334e11f,6958e9445b8671c20585131f,64339db7-0e8f-41df-801c-ea6ca4128bc1,cati,Pending_Approval,Madarihat,yes_,MISSING,Madarihat,No,No,Yes,Other,2026-01-03T10:02:44.287Z,2026-01-03T07:52:33.474Z
cceb6feb-dfeb-4f33-91a3-654144df8258,6958e97a363af7012303b3aa,f4509770-d649-4ada-a3eb-debef66b5cfb,cati,Pending_Approval,Madarihat,MISSING,MISSING,Madarihat,No,Yes,Yes,Other,2026-01-03T10:03:38.749Z,2026-01-03T10:02:38.414Z
ed1c3ab9-ecf4-405f-ae72-7fda0d13805c,6958e9a00f5a97d598e42485,354d433a-6f62-4861-b4ad-b909885d72a8,cati,Pending_Approval,Madarihat,MISSING,MISSING,Madarihat,No,Yes,Yes,Other,2026-01-03T10:04:16.143Z,2026-01-03T10:03:28.912Z
f6b54636-c130-4650-8346-a3692018e76b,6958e9a3dc340ed68ebcc7da,18d1e9ca-f0d9-46ec-92e7-877294f82c58,capi,Pending_Approval,Saltora,MISSING,MISSING,Saltora,No,Yes,Yes,Other,2026-01-03T10:04:19.150Z,2026-01-03T10:02:33.142Z
65f0923d-9f98-4c4e-8b21-beeae9ff3eec,6958e9a45b8671c20585749f,23865a9a-0ca9-4796-a1c9-004b1162229f,capi,Pending_Approval,Saltora,MISSING,MISSING,Saltora,No,Yes,Yes,Other,2026-01-03T10:04:20.622Z,2026-01-03T10:02:31.976Z
be378126-0b91-402f-955b-6d78639d44fd,6958ebb64a63417b48ef0159,6d2646ca-1b73-4859-9af1-a0224c2acbcc,capi,Pending_Approval,Saltora,MISSING,MISSING,Saltora,No,Yes,Yes,Other,2026-01-03T10:13:10.600Z,2026-01-03T10:11:17.075Z
6327cf3c-e959-4c80-850d-205eb74a190e,6958ebb835d0362b8d20132b,4734d140-e7e3-42ef-8df1-20deeca9e6f0,cati,Pending_Approval,Madarihat,MISSING,MISSING,Madarihat,No,Yes,Yes,Other,2026-01-03T10:13:12.159Z,2026-01-03T10:11:27.902Z
958cf110-0655-478f-9f84-3ce6fe7fd426,6958ebfd0ebc2d74103707ba,002ca65e-d7da-4563-8a0e-f1208e06e85e,capi,Pending_Approval,MISSING,MISSING,MISSING,(null),Yes,Yes,Yes,Other,2026-01-03T10:14:21.163Z,2026-01-03T10:13:16.954Z
742eefde-f783-4664-96f9-58921913f974,6958ec62fb6c73ffca46d5dd,b34342c3-f088-4cd5-a525-3647ead183a6,cati,Pending_Approval,Madarihat,MISSING,MISSING,Madarihat,No,Yes,Yes,Other,2026-01-03T10:16:02.168Z,2026-01-03T10:13:09.888Z
29a15138-0770-4762-b50e-c0ac4daa63a5,6958ec68766950a002cd0db3,b6ffdac8-0c97-4e3e-aecb-8339bdcca34b,cati,Pending_Approval,Madarihat,MISSING,MISSING,Madarihat,No,Yes,Yes,Other,2026-01-03T10:16:08.251Z,2026-01-03T10:14:03.585Z
04a415bb-cbd4-4c18-a24e-3300540cd596,6958ec9b16016d632141e746,81a4c3e8-66bc-4d7a-8e76-8e7edbe37448,cati,Pending_Approval,Madarihat,MISSING,MISSING,Madarihat,No,Yes,Yes,Other,2026-01-03T10:16:59.337Z,2026-01-03T10:16:26.228Z
5f4487cc-414a-4a56-8cef-f7d0fa534bcc,6958ecbd5884e92b1c91425b,c7919f48-7456-441b-9f4d-27afa53b0d62,cati,Pending_Approval,Madarihat,MISSING,MISSING,Madarihat,No,Yes,Yes,Other,2026-01-03T10:17:33.431Z,2026-01-03T10:16:56.225Z
bacf4093-b8ee-42b4-b3ca-2c9c9ccac37e,6958ecf25511165f872c0f8f,f7b7f565-9d43-4044-900f-d0409ab83f7c,capi,Pending_Approval,MISSING,MISSING,MISSING,(null),Yes,Yes,Yes,Other,2026-01-03T10:18:26.281Z,2026-01-02T10:48:49.283Z
132ad0ec-aaec-4c68-8779-51585fb2febf,6958ecfd511841ab2d9b1408,74de5487-7699-4451-8bb7-de826049356f,cati,Pending_Approval,Madarihat,MISSING,MISSING,Madarihat,No,Yes,Yes,Other,2026-01-03T10:18:37.130Z,2026-01-03T10:18:22.375Z
bd60c58f-4921-4760-a096-df750a3a8e81,6958ed442adca1a2c5cae9d6,9d221328-93e1-4785-bab3-748cb00b4897,cati,Pending_Approval,Madarihat,MISSING,MISSING,Madarihat,No,Yes,Yes,Other,2026-01-03T10:19:48.183Z,2026-01-03T10:18:31.698Z
26b8ae0c-e0d7-4f11-acf2-e683e44880bc,6958ed4b2086f20c6192beaf,f5bb5431-966f-4a09-bfed-836b36d18c3e,cati,Pending_Approval,Madarihat,MISSING,MISSING,Madarihat,No,Yes,Yes,Other,2026-01-03T10:19:55.889Z,2026-01-03T10:19:25.186Z
a3a2c4d9-06c4-435e-9db6-2ea3fd356ebf,6958ed93d3a40eefd38e45cd,d64c4c38-3659-484f-b212-06e44e792759,cati,Pending_Approval,Madarihat,MISSING,MISSING,Madarihat,No,Yes,Yes,Other,2026-01-03T10:21:07.180Z,2026-01-03T10:19:38.450Z
461be14a-a1ad-4964-86d8-7550ea850590,6958f31b0ebb9636423321de,129f9bc7-bffe-4591-8dcc-75966fc2e1ad,capi,Pending_Approval,Asansol Dakshin,MISSING,MISSING,Asansol Dakshin,No,Yes,Yes,Other,2026-01-03T10:44:43.432Z,2026-01-03T09:26:32.342Z
85307902-6231-4c10-b704-ce9deff4b2de,6958f52a9ae10cf680bd395a,ca666855-42cc-4bbf-88b4-25dabb2425b1,capi,Pending_Approval,MISSING,MISSING,MISSING,(null),Yes,Yes,Yes,Other,2026-01-03T10:53:30.233Z,2026-01-01T13:41:47.168Z
2ac39ed4-4cd1-4fb0-a8e6-c4c9e07bb5be,6958f60b29982e207accf4dc,143976a7-1cab-46bd-a313-2857fe99187d,capi,Pending_Approval,MISSING,MISSING,MISSING,(null),Yes,Yes,Yes,Other,2026-01-03T10:57:15.217Z,2026-01-03T10:56:08.108Z
8c9e1edc-f02b-4c27-8faa-c013d7ae8262,6958f61280f6affda2f240e1,113591b4-9184-4130-b71a-14465b768abf,capi,Pending_Approval,MISSING,MISSING,MISSING,(null),Yes,Yes,Yes,Other,2026-01-03T10:57:22.576Z,2026-01-03T10:55:59.144Z
d768a170-096c-4c28-bf21-5ebdb816c01c,6958f6478bbd3655dc5e9b62,5114023d-8fa6-4f53-988c-07c6b6a293b2,cati,Pending_Approval,Madarihat,MISSING,MISSING,Madarihat,No,Yes,Yes,Other,2026-01-03T10:58:15.114Z,2026-01-03T08:27:52.296Z
dd63f5ce-9b15-4b13-ab0a-3c98d7bf92ea,6958f6a96c0a83111af70549,6330af54-3e17-4032-81df-ca566ef4b8f0,cati,Pending_Approval,Madarihat,MISSING,MISSING,Madarihat,No,Yes,Yes,Other,2026-01-03T10:59:53.093Z,2026-01-03T10:58:43.727Z
1e936456-aa56-41c5-954a-d913602b53bd,6958f87b66cc9dcfbb2c49d7,08e19004-dec3-46a8-b9d9-2737f7f3021a,cati,Pending_Approval,Madarihat,MISSING,MISSING,Madarihat,No,Yes,Yes,Other,2026-01-03T11:07:39.422Z,2026-01-03T10:58:54.553Z
46a3f813-1836-4755-9ffe-33f27788b4e6,6958f90d73f1b5ee53f49054,32d135ae-bdbe-4b29-b3c5-b8f508cd28db,capi,Pending_Approval,MISSING,MISSING,MISSING,(null),Yes,Yes,Yes,Other,2026-01-03T11:10:05.548Z,2026-01-03T09:25:16.539Z
4f5af558-d858-4f35-9a73-cac176996e7c,6958f9696ebdbcd255c4e41a,9a9c8eb7-b7ad-4dab-8325-272597519306,capi,Pending_Approval,Basanti,MISSING,MISSING,Basanti,No,Yes,Yes,Other,2026-01-03T11:11:37.946Z,2026-01-03T07:37:43.729Z
6d959936-160f-46c6-b810-427003ca8549,6958f9df66a16e4fcb686c6a,864287e7-c699-473d-b13e-dad12d16827c,capi,Pending_Approval,MISSING,MISSING,MISSING,(null),Yes,Yes,Yes,Other,2026-01-03T11:13:35.034Z,2026-01-03T10:11:38.141Z
66f48c53-c151-43a3-a6e7-f73b155104d8,6958f9ed207ce824a9976ec6,8ab56c67-ce10-4f0d-b7bf-e85797259163,cati,Pending_Approval,Madarihat,MISSING,MISSING,Madarihat,No,Yes,Yes,Other,2026-01-03T11:13:49.216Z,2026-01-03T11:13:21.001Z
d99f37a4-257d-4f5a-9cf2-78df8d9a8ae3,6958fb2c71a5c3377c88976e,fbaf04e2-9515-4a6e-bd97-a3912274d187,cati,Pending_Approval,Madarihat,MISSING,MISSING,Madarihat,No,Yes,Yes,Other,2026-01-03T11:19:08.346Z,2026-01-03T11:18:34.230Z
a5c8aeb9-29b0-4ac8-bb67-a3a3580d4156,6958fb4f419f6e45f2850ec9,512a262c-21f2-417e-a2f0-750c37e5a69a,cati,Pending_Approval,Madarihat,MISSING,MISSING,Madarihat,No,Yes,Yes,Other,2026-01-03T11:19:43.875Z,2026-01-03T11:18:43.581Z
fbfa94ad-8dd7-4e23-83f8-2b07e072eb65,6959001bc817d2533dcd5873,1a021a5b-05f6-469f-a74f-33dc55bb55ec,cati,Pending_Approval,Madarihat,MISSING,MISSING,Madarihat,No,Yes,Yes,Other,2026-01-03T11:40:11.350Z,2026-01-03T11:23:12.239Z
c68196ac-f46b-485b-b152-044843fb1a34,695902ac4dcd7c1b43fd2956,076e9056-ac73-42c2-952a-4edbda665923,cati,Pending_Approval,Madarihat,MISSING,MISSING,Madarihat,No,Yes,Yes,Other,2026-01-03T11:51:08.889Z,2026-01-03T11:35:18.446Z
8376be56-8de2-4393-85b5-0cf7b9b3e6cf,695902b12d798f366b7a945d,f7ed9ee6-3f01-464f-a549-640f6f7672b3,cati,Pending_Approval,Madarihat,MISSING,MISSING,Madarihat,No,Yes,Yes,Other,2026-01-03T11:51:13.338Z,2026-01-03T11:36:16.514Z
a919c6ea-8db1-448e-9706-af62e40a8d0c,695902b60f9159311457e930,694563ee-11a5-485a-a7c8-3f349ffdda3f,cati,Pending_Approval,Madarihat,MISSING,MISSING,Madarihat,No,Yes,Yes,Other,2026-01-03T11:51:18.152Z,2026-01-03T11:37:41.791Z
d4b15717-153c-4fbf-b9a3-12179ec9fd1f,695903018e0f0af83c9c1b93,a09e810d-5ffa-4e0a-8c8f-39bde96a008c,cati,Pending_Approval,Madarihat,MISSING,MISSING,Madarihat,No,Yes,Yes,Other,2026-01-03T11:52:33.814Z,2026-01-03T11:51:44.717Z
f89472ba-18e8-4832-85ea-c498be8c379e,695903ec7afe86ebd9af1ec2,e2d0e401-5856-43ea-b2cd-4d1f2911342f,cati,Pending_Approval,Madarihat,MISSING,MISSING,Madarihat,No,Yes,Yes,Other,2026-01-03T11:56:28.944Z,2026-01-03T11:54:00.130Z
f522d961-578a-4713-a32a-d1f4ed87b592,695904a086d11bd138f6dc5b,2352fa6c-c85e-47ca-a2f5-524b5f3e6015,cati,Pending_Approval,Madarihat,MISSING,MISSING,Madarihat,No,Yes,Yes,Other,2026-01-03T11:59:28.522Z,2026-01-03T11:55:45.493Z
7d306564-254a-40cd-bb84-a3d9bcf1f70e,6959053c54d2190084acdccb,df7d9b8f-151a-40ef-b054-9eeae84e0bd8,cati,Pending_Approval,Madarihat,MISSING,MISSING,Madarihat,No,Yes,Yes,Other,2026-01-03T12:02:04.862Z,2026-01-03T11:59:19.872Z
c66d7bce-fb41-483f-a712-28dcc98a9270,6959056795f28deff4df17c0,63c38ff8-f036-4938-9721-f353793df059,capi,Pending_Approval,MISSING,MISSING,MISSING,(null),Yes,Yes,Yes,Other,2026-01-03T12:02:47.811Z,2026-01-03T10:58:11.082Z
a7b72ed2-3037-459e-bd10-208552c6697b,69590597dddb4d1e0c78b132,c9dfc74d-ca56-44b5-a168-0356ac8df1ad,cati,Pending_Approval,Madarihat,MISSING,MISSING,Madarihat,No,Yes,Yes,Other,2026-01-03T12:03:35.184Z,2026-01-03T11:59:51.120Z
361504fe-3286-45ae-9961-797612b722a8,695905a187b9c49ae3c71d01,276b6777-9751-410d-bfc0-f90779eae5c6,capi,Pending_Approval,MISSING,MISSING,MISSING,(null),Yes,Yes,Yes,Other,2026-01-03T12:03:45.061Z,2026-01-03T11:39:36.606Z
5e6e2d36-a322-49b9-b60a-9841f0c39d1d,69590618c4338641fee5bec7,919b44c5-e8e4-45d0-b269-e98415d0bf02,cati,Pending_Approval,Madarihat,MISSING,MISSING,Madarihat,No,Yes,Yes,Other,2026-01-03T12:05:44.719Z,2026-01-03T12:00:32.241Z
7330c2d9-acc1-4fd0-955e-a81cafaa9dda,6959064dc4338641fee60d2e,ebe24c63-efb8-48b0-a9f0-f0f624c5e9b2,cati,Pending_Approval,Madarihat,MISSING,MISSING,Madarihat,No,Yes,Yes,Other,2026-01-03T12:06:37.872Z,2026-01-03T12:02:40.838Z
f492a037-6479-4974-aea4-cedd756ef7b4,695906616bc01850f1a4c0fb,14965cfe-33ae-4a85-981c-7c070ef8e929,cati,Pending_Approval,Madarihat,MISSING,MISSING,Madarihat,No,Yes,Yes,Other,2026-01-03T12:06:57.946Z,2026-01-03T12:03:28.274Z
ba08a18a-bc5b-4dd8-926b-cd51113d28bc,6959068345ab5b413fe6efcc,e0e5e56b-36ff-4080-aa38-4875dc749793,cati,Pending_Approval,Madarihat,MISSING,MISSING,Madarihat,No,Yes,Yes,Other,2026-01-03T12:07:31.208Z,2026-01-03T12:05:11.919Z
6b13893e-65fa-474e-af07-a439bc821ad7,6959074e740cf3e6aa9e0127,7448e7c8-9211-4e5e-a1ab-28e0c5612a29,cati,Pending_Approval,Madarihat,MISSING,MISSING,Madarihat,No,Yes,Yes,Other,2026-01-03T12:10:54.296Z,2026-01-03T12:07:33.604Z
1c93fe60-4dea-4ced-ba9f-e9532bb4fe00,69590805e4dddabeab88464c,950b878b-b55c-4f84-94d1-0a034df86cd2,cati,Pending_Approval,Madarihat,MISSING,MISSING,Madarihat,No,Yes,Yes,Other,2026-01-03T12:13:57.910Z,2026-01-03T12:10:41.189Z
9d05c76e-c93f-4a31-a669-6eb9f83ab7fd,695908b68b56d5e133af0e98,07ea132b-bb91-4162-ba86-d5375dc09ebc,cati,Pending_Approval,Madarihat,MISSING,MISSING,Madarihat,No,Yes,Yes,Other,2026-01-03T12:16:54.736Z,2026-01-03T12:11:15.239Z
fcc34666-ad74-40b3-816d-39dbb4b00517,6959090b4584a5a93bdd343e,e12786e8-42c6-44cb-849d-fbb010bbcd96,capi,Pending_Approval,MISSING,MISSING,MISSING,(null),Yes,Yes,Yes,Other,2026-01-03T12:18:19.305Z,2026-01-03T10:33:42.633Z
5de71bdf-b7d8-4e7d-85a2-c03599656c86,69590918155d612410321646,b0fa958b-62b0-4fb7-ace6-93351398d096,capi,Pending_Approval,MISSING,MISSING,MISSING,(null),Yes,Yes,Yes,Other,2026-01-03T12:18:32.749Z,2026-01-03T12:01:03.709Z
7d553596-67f2-4a79-89c9-4745d334ceaa,69590a646545bccd578e168c,a19ac306-73bd-4974-8ba2-4436c0d6500d,cati,Pending_Approval,Madarihat,MISSING,MISSING,Madarihat,No,Yes,Yes,Other,2026-01-03T12:24:04.671Z,2026-01-03T12:22:29.115Z
f9d31bde-ceb6-410d-b25c-81a7737c5949,69590b00858b140ace6aa4e4,5d59f157-a74e-4e96-a233-d2a66b18a501,cati,Pending_Approval,Madarihat,MISSING,MISSING,Madarihat,No,Yes,Yes,Other,2026-01-03T12:26:40.073Z,2026-01-03T12:25:26.283Z
2ff5faca-70b1-4225-bf96-5aeea46ed28d,69590b5d4ab40b3e630e49bf,4478595e-36d8-4a13-a439-85ccdc7a696a,cati,Pending_Approval,Madarihat,MISSING,MISSING,Madarihat,No,Yes,Yes,Other,2026-01-03T12:28:13.840Z,2026-01-03T12:25:59.512Z
b9880f84-c3fa-468a-b52d-de040ea19a40,69590d1fe928b6e5276bc367,9c579860-e89a-4cb8-a8de-6254cbb9ed03,capi,Pending_Approval,Shyampukur,MISSING,MISSING,Shyampukur,No,Yes,Yes,Other,2026-01-03T12:35:43.193Z,2026-01-03T06:33:19.100Z
3a0d58c9-c1a0-4e0d-995a-b453824846fc,69590dcf0f42f027bf9e2eb9,f1c54194-f744-4a42-80a7-e903670e9035,cati,Pending_Approval,Madarihat,MISSING,MISSING,Madarihat,No,Yes,Yes,Other,2026-01-03T12:38:39.012Z,2026-01-03T12:27:11.997Z
afcf5584-42d3-4eb0-bc57-614357d03255,69590dd59a0573ec8421e85f,ea12581c-df43-4b54-9cd7-ef37a3e6dbc4,cati,Pending_Approval,Madarihat,MISSING,MISSING,Madarihat,No,Yes,Yes,Other,2026-01-03T12:38:45.511Z,2026-01-03T12:28:03.509Z
38fc6d9d-b09b-4003-8dc3-2c6b52612ae1,69590df69a0573ec8421fbe3,3c4293d4-7176-47c3-b8e8-44af652ca217,capi,Pending_Approval,MISSING,MISSING,MISSING,(null),Yes,Yes,Yes,Other,2026-01-03T12:39:18.993Z,2026-01-03T12:29:19.980Z
0a3a7329-97c0-49e4-a220-07d87f41b76b,69590dfd0f42f027bf9e636a,34f7a465-572e-4d11-8545-9e635ced06d3,capi,Pending_Approval,MISSING,MISSING,MISSING,(null),Yes,Yes,Yes,Other,2026-01-03T12:39:25.553Z,2026-01-03T12:29:56.062Z
1bf48306-7831-47a7-b56a-562fdf364cc6,69590f1b4fa7f6e5b9c8b90e,e5592fdf-1b2e-4023-89c3-c30f52860046,cati,Pending_Approval,Madarihat,yes_,MISSING,Madarihat,No,No,Yes,Other,2026-01-03T12:44:11.930Z,2026-01-03T12:39:55.818Z
a312195c-55f2-41ab-8209-e37da289e555,695914e07720ecec32c98b4b,9cebabcf-01b6-4812-b364-13f8077f8b56,capi,Pending_Approval,COOCHBEHAR DAKSHIN,MISSING,MISSING,COOCHBEHAR DAKSHIN,No,Yes,Yes,Other,2026-01-03T13:08:48.157Z,2026-01-03T12:29:24.844Z
861f4bd6-9077-4860-a9d0-ff900926d582,69591557bd4500c4f50d8f3a,bbdc0f8d-1071-48b1-a5fb-a7681fb7b499,cati,Pending_Approval,Madarihat,MISSING,MISSING,Madarihat,No,Yes,Yes,Other,2026-01-03T13:10:47.734Z,2026-01-03T12:44:07.565Z
771387c6-4fa9-4682-96c6-50c089a7f056,695915ec76fade4ea5a82be1,36ea87bb-0bac-44ac-a61a-859fcf557252,cati,Pending_Approval,Madarihat,MISSING,MISSING,Madarihat,No,Yes,Yes,Other,2026-01-03T13:13:16.288Z,2026-01-03T13:11:57.404Z
5423c8a8-2e42-4bfe-a485-f65daf4f2383,6959167ffe5b3e64a648b5e2,d251055c-72ce-4520-b616-8efe2c737fe2,cati,Pending_Approval,Madarihat,MISSING,MISSING,Madarihat,No,Yes,Yes,Other,2026-01-03T13:15:43.815Z,2026-01-03T13:13:10.249Z
7a8783a5-4212-458d-8f8e-eba3e7025032,695916a3b34c751b70fddf4e,e4b6407d-ab92-408c-9a98-3404ef706558,cati,Pending_Approval,Madarihat,MISSING,MISSING,Madarihat,No,Yes,Yes,Other,2026-01-03T13:16:19.939Z,2026-01-03T13:15:49.990Z
26230e40-20fa-4b45-9834-7832dc8533e6,695916e44f9cb10a7d89d761,a77194d5-70c3-4dee-8e51-c6d4322b23d5,cati,Pending_Approval,Madarihat,MISSING,MISSING,Madarihat,No,Yes,Yes,Other,2026-01-03T13:17:24.031Z,2026-01-03T13:16:14.742Z
e4fe988a-8244-43a8-a3f8-34b70e52201c,695917777d069b863e227457,9b9d7775-b8f2-4471-a233-2c21c034e84d,cati,Pending_Approval,Madarihat,MISSING,MISSING,Madarihat,No,Yes,Yes,Other,2026-01-03T13:19:51.263Z,2026-01-03T13:17:29.305Z
d28bbecc-9cff-4db6-a991-d15e0bb45b1c,695917ef274573cf77ac236e,caa32bbe-f784-4516-a4ef-45c4b87782ed,cati,Pending_Approval,Madarihat,MISSING,MISSING,Madarihat,No,Yes,Yes,Other,2026-01-03T13:21:51.104Z,2026-01-03T13:19:37.433Z
c651fd19-89d6-442f-8fda-abba647dbbe6,6959181a274573cf77ac5855,ea23ee77-0538-407f-82c3-38364e891c92,cati,Pending_Approval,Madarihat,MISSING,MISSING,Madarihat,No,Yes,Yes,Other,2026-01-03T13:22:34.292Z,2026-01-03T13:21:49.350Z
d1efe72d-7b9d-4855-a01d-5ed0800fd50e,69591862346ea78f6732f3ec,9c745d97-59b3-40c4-8680-552ed1c37132,cati,Pending_Approval,Madarihat,MISSING,MISSING,Madarihat,No,Yes,Yes,Other,2026-01-03T13:23:46.488Z,2026-01-03T13:22:28.529Z
5cce72c6-cb65-4538-aff7-ce39dcd229f2,69591a69db348dc51bf37a9c,25190aae-262f-4426-b18c-b1c34c9c900b,cati,Pending_Approval,Madarihat,MISSING,MISSING,Madarihat,No,Yes,Yes,Other,2026-01-03T13:32:25.219Z,2026-01-03T13:13:24.855Z
7cb373e7-e6ab-417e-bcef-819fba5216b4,69591a924b9ce26e9601362f,fd6cb368-a2a8-40a1-a7d1-54316f1d650a,cati,Pending_Approval,Madarihat,MISSING,MISSING,Madarihat,No,Yes,Yes,Other,2026-01-03T13:33:06.036Z,2026-01-03T13:15:09.479Z
9e7cfee3-e570-43ff-b85e-5fc264cde493,69591a9ccb2956fc3481aed3,60738df3-d920-4c7e-8ee4-150417a0c4e0,cati,Pending_Approval,Madarihat,MISSING,MISSING,Madarihat,No,Yes,Yes,Other,2026-01-03T13:33:16.034Z,2026-01-03T13:30:36.254Z
0a6cbb64-334d-49cf-ac28-5aebf09606d2,695923737743ed35fb9293e9,50aa2c63-2c27-4569-b732-8ab9576b7727,capi,Pending_Approval,MISSING,MISSING,MISSING,(null),Yes,Yes,Yes,Other,2026-01-03T14:10:59.826Z,2026-01-03T13:44:12.635Z
1b3fcd69-7565-47fd-8011-721b76d428fd,69592526e3a07950a9ea508d,8e843c52-855c-4941-8b10-7f1c85da60dc,capi,Pending_Approval,MISSING,MISSING,MISSING,(null),Yes,Yes,Yes,Other,2026-01-03T14:18:14.573Z,2026-01-03T13:48:06.601Z
0b6860de-f299-48ba-a5ea-fd0b6c3c7021,69596f6290771fa3038a4130,34280372-a1c7-429b-b075-a738f452e7c3,cati,Pending_Approval,Madarihat,MISSING,MISSING,Madarihat,No,Yes,Yes,Yesterday,2026-01-03T19:34:58.301Z,2026-01-03T19:34:28.623Z
0062f643-b0f8-4b18-ad37-bb2e4c5a5b3c,6959e0d753273ec6dad9f266,edc8c3b9-1b06-4258-b075-ab680508368c,capi,Pending_Approval,MISSING,MISSING,MISSING,(null),Yes,Yes,Yes,Yesterday,2026-01-04T03:39:03.756Z,2026-01-04T03:35:37.653Z
b3901e4d-10b2-49c1-b0f5-ef35c86d5ab2,6959e3e5bde495b1db70f0bf,66583785-8a61-488a-83d7-79960a840284,capi,Pending_Approval,MISSING,MISSING,MISSING,(null),Yes,Yes,Yes,Yesterday,2026-01-04T03:52:05.659Z,2026-01-04T03:50:43.332Z
62e252f5-3f53-43e4-a879-47c994a1a77e,6959e410b0e2659a42a0ca8b,aa4b58f0-cadf-4f92-94a8-40544573f6ab,capi,Pending_Approval,Habra,MISSING,29,Habra,No,Yes,No,Yesterday,2026-01-04T03:52:48.731Z,2026-01-04T03:51:36.191Z
dc96aa26-18fb-446d-91b5-c6c0df9b7fef,6959e4367dbf3e7123165af4,5dba28a3-bd81-4140-9e1a-8d3bcd527f46,capi,Pending_Approval,MISSING,MISSING,MISSING,(null),Yes,Yes,Yes,Yesterday,2026-01-04T03:53:26.869Z,2026-01-04T03:52:44.419Z
68f316e5-205f-4a55-9e62-7fba33e712f7,6959e7f529efddffd39df906,9172d76e-c9d7-450c-a91b-99659adcf24c,cati,Pending_Approval,Madarihat,MISSING,MISSING,Madarihat,No,Yes,Yes,Yesterday,2026-01-04T04:09:25.500Z,2026-01-03T13:29:34.082Z
6a9b140a-18df-4cc7-a833-5194aa4ddc3d,6959e7f74a44653aed7bdfcd,fb128c18-c158-4cab-ae16-0226ac1b7c13,cati,Pending_Approval,Madarihat,MISSING,MISSING,Madarihat,No,Yes,Yes,Yesterday,2026-01-04T04:09:27.434Z,2026-01-03T13:31:52.213Z
825220fa-4788-495a-bade-9d6de60145c0,6959e7f829efddffd39dff7f,4bd1e1ec-327c-4245-a910-a60cf0803b55,cati,Pending_Approval,Madarihat,MISSING,MISSING,Madarihat,No,Yes,Yes,Yesterday,2026-01-04T04:09:28.547Z,2026-01-04T04:00:53.965Z
6133c50b-6f29-40ae-9c38-011098942f0b,6959e7f92600129fe58bfa9d,7a01cc45-71d0-4099-b228-4e7f9d758e98,cati,Pending_Approval,Madarihat,MISSING,MISSING,Madarihat,No,Yes,Yes,Yesterday,2026-01-04T04:09:29.357Z,2026-01-04T04:01:45.977Z
c361f82f-e366-4b4d-bbcd-f209820c9409,6959e7fd4a44653aed7be646,4485a5e8-0051-46bf-973e-117191b2004c,cati,Pending_Approval,Madarihat,MISSING,MISSING,Madarihat,No,Yes,Yes,Yesterday,2026-01-04T04:09:33.971Z,2026-01-04T04:03:09.680Z
39968b75-543d-49a4-9464-55d0a164eac7,6959e80729efddffd39e0c62,3bd7e462-224f-4c11-a049-da2fd2c6396c,cati,Pending_Approval,Madarihat,MISSING,MISSING,Madarihat,No,Yes,Yes,Yesterday,2026-01-04T04:09:43.404Z,2026-01-04T04:07:49.862Z
c5506c0c-1ea8-4832-b356-5f20244cbcc8,6959e81aa52c146bb800dd6b,babab418-bf64-4af5-8588-331faaa20cae,cati,Pending_Approval,Madarihat,MISSING,MISSING,Madarihat,No,Yes,Yes,Yesterday,2026-01-04T04:10:02.412Z,2026-01-04T04:09:34.656Z
d384826e-a12b-45bf-bc4c-385c823b72d0,6959eb3f49fb6406ee2f1724,7ef645c4-ca5a-49df-8a37-3185c97084bd,cati,Pending_Approval,Madarihat,MISSING,MISSING,Madarihat,No,Yes,Yes,Yesterday,2026-01-04T04:23:27.105Z,2026-01-04T04:10:35.716Z
e89257ec-a673-4d6d-a8ed-5fc36f1d9311,6959eb3f6a0a5bd8ed3d74b5,4998ce47-7fe9-4dc1-8435-bb9aad80c899,cati,Pending_Approval,Madarihat,MISSING,MISSING,Madarihat,No,Yes,Yes,Yesterday,2026-01-04T04:23:27.963Z,2026-01-04T04:11:38.529Z
3a241805-9ef8-45cf-86d9-b05cb451a306,6959eb4711faa2c52bbe65dc,50af7a3e-6d3e-4d1a-82d6-3d764e2d1123,cati,Pending_Approval,Madarihat,MISSING,MISSING,Madarihat,No,Yes,Yes,Yesterday,2026-01-04T04:23:35.950Z,2026-01-04T04:12:26.889Z
0bb7f3dc-22fa-4260-a9cf-3274df9a6d22,6959ebb411faa2c52bbeaf72,2876bba3-82da-4153-8a26-2e330476f9ca,capi,Pending_Approval,Katwa,MISSING,MISSING,Katwa,No,Yes,Yes,Yesterday,2026-01-04T04:25:24.589Z,2026-01-03T09:51:45.957Z
c8415474-d345-4ff7-a0d0-78a7cde191c3,6959f17fbced2e9d10527bd0,5d5fe1a8-6fbc-41d6-8bd3-abf34794446d,cati,Pending_Approval,Madarihat,MISSING,MISSING,Madarihat,No,Yes,Yes,Yesterday,2026-01-04T04:50:07.433Z,2026-01-03T13:38:32.694Z
225f3614-1165-4387-b492-c72baf398f78,6959f1b182a2f08fc9e799b7,30df8277-5f5c-40c3-9788-90a5694c4a5a,cati,Pending_Approval,Madarihat,MISSING,MISSING,Madarihat,No,Yes,Yes,Yesterday,2026-01-04T04:50:57.209Z,2026-01-04T04:49:54.718Z
de8f4102-aa19-489c-bbd2-a572ccf76d5c,6959f20bd32fc7a06d2b0fda,7df1fe37-7fe9-42b9-accb-255ab9808f1c,cati,Pending_Approval,Madarihat,MISSING,MISSING,Madarihat,No,Yes,Yes,Yesterday,2026-01-04T04:52:27.528Z,2026-01-04T04:50:39.131Z
97263d24-7e1f-4dd2-a0c0-f4ad3ffbb435,6959facc7eface0bbeb8b442,bbd807d3-b40e-4949-8577-bc80089e1dc6,capi,Pending_Approval,Jaynagar,MISSING,MISSING,Jaynagar,No,Yes,Yes,Yesterday,2026-01-04T05:29:48.401Z,2026-01-04T05:13:05.108Z
e820b2cc-ae23-42ca-b5ad-9c6f27fe96a8,6959fb663bae0643f63144e8,7fffbe56-679e-4014-b22d-04d340b84c95,cati,Pending_Approval,Madarihat,MISSING,MISSING,Madarihat,No,Yes,Yes,Yesterday,2026-01-04T05:32:22.872Z,2026-01-04T04:13:12.913Z
fdeee77c-3238-4b63-9fcf-161fc32e6c1b,6959fb73be60e1a22a829255,77325009-d781-4e27-b8f1-46a932fe44f4,cati,Pending_Approval,Madarihat,MISSING,MISSING,Madarihat,No,Yes,Yes,Yesterday,2026-01-04T05:32:35.512Z,2026-01-04T04:23:25.898Z
25ad0427-f600-4383-bf91-8d101dc8a346,6959fb9b6d8fce9a7a13a09f,a0e58d1c-6176-4b02-84da-8233479abbd7,cati,Pending_Approval,Madarihat,MISSING,MISSING,Madarihat,No,Yes,Yes,Yesterday,2026-01-04T05:33:15.079Z,2026-01-04T05:32:21.996Z
66800e7e-3c7f-44dc-8283-1f8d49ff7ed6,6959fc33f653024575434541,8f31dd1c-e964-45ef-af8a-94ca37d760fc,capi,Pending_Approval,Suti,MISSING,MISSING,Suti,No,Yes,Yes,Yesterday,2026-01-04T05:35:47.424Z,2026-01-03T18:12:46.380Z
dbfc3f62-1c4f-424f-b042-c08c5d8c343f,6959fcb3a27503c2dfc35282,1bba4f31-f0e3-4504-85f9-2275c3e66a59,cati,Pending_Approval,Madarihat,yes_,MISSING,Madarihat,No,No,Yes,Yesterday,2026-01-04T05:37:55.577Z,2026-01-04T05:37:18.676Z
f8540833-71a7-42f9-aa34-9639f8fc74ca,6959fcdca27503c2dfc36d80,2e8dc1af-d6f7-486a-9cbf-193724869bdc,cati,Pending_Approval,Madarihat,MISSING,MISSING,Madarihat,No,Yes,Yes,Yesterday,2026-01-04T05:38:36.973Z,2026-01-04T05:37:51.868Z
ea68eee8-4639-4939-85e3-28038684f29a,6959fd66ecf053e58f92288d,a4de864f-e0bb-4951-8d3c-505f3805716a,cati,Pending_Approval,Madarihat,MISSING,MISSING,Madarihat,No,Yes,Yes,Yesterday,2026-01-04T05:40:54.443Z,2026-01-04T05:38:28.684Z
1877cc53-57d6-4002-bfbd-79bd34ba2673,6959fd8b3d7a651037773c3b,d1a927d9-6a38-4c11-8484-aee84bb45438,cati,Pending_Approval,Madarihat,MISSING,MISSING,Madarihat,No,Yes,Yes,Yesterday,2026-01-04T05:41:31.069Z,2026-01-04T05:40:51.382Z
517d2341-76c6-4bb5-9f9c-f334ece450b2,6959fefb5a59aa9168042089,d44a1f1a-07ad-49ba-8f21-b416e77f00ed,cati,Pending_Approval,Madarihat,MISSING,MISSING,Madarihat,No,Yes,Yes,Yesterday,2026-01-04T05:47:39.403Z,2026-01-04T05:45:53.026Z
ee5b445a-2f8f-4056-8db1-0ec192525128,6959fefc3f395c57ac7f2b6e,6e0b4ffe-b38a-4635-9c4e-f9d3ae50ef00,cati,Pending_Approval,Madarihat,MISSING,MISSING,Madarihat,No,Yes,Yes,Yesterday,2026-01-04T05:47:40.297Z,2026-01-04T05:47:04.695Z
680301bf-f48e-4572-8a41-1b3ee6d9a654,6959ff7c11d086790372bb66,0854d59d-847a-4c0f-b116-c61db02fcaaa,cati,Pending_Approval,Madarihat,MISSING,MISSING,Madarihat,No,Yes,Yes,Yesterday,2026-01-04T05:49:48.793Z,2026-01-04T05:47:41.063Z
5fe3cd1f-9a6c-4d95-94c1-3c533eceece4,695a002c57913815089be108,4b25e06f-854b-471d-9b59-de5714a59d4a,cati,Pending_Approval,Madarihat,MISSING,MISSING,Madarihat,No,Yes,Yes,Yesterday,2026-01-04T05:52:44.791Z,2026-01-04T05:51:36.819Z
3f4c1c96-8375-443d-9fb6-b561c6d3c786,695a02343e8ed17465b3b81d,685ff876-afcd-486e-a7ad-913538cce6e5,cati,Pending_Approval,Madarihat,MISSING,MISSING,Madarihat,No,Yes,Yes,Yesterday,2026-01-04T06:01:24.079Z,2026-01-04T05:52:41.986Z
359bb0c2-d651-4794-9932-0c6675b9bac8,695a03be78add3028d8428c5,615825cf-c355-4842-a574-cd31a42117f8,capi,Pending_Approval,MISSING,MISSING,MISSING,(null),Yes,Yes,Yes,Yesterday,2026-01-04T06:07:58.987Z,2026-01-04T06:07:21.651Z
21e618bb-6d08-4b00-9dc1-58fd3be4bb51,695a03c178add3028d842f34,71a6408f-c864-4f1e-8013-1907d0bc627f,capi,Pending_Approval,MISSING,MISSING,MISSING,(null),Yes,Yes,Yes,Yesterday,2026-01-04T06:08:01.479Z,2026-01-04T06:07:20.762Z
8555e709-3fd4-4230-8b5f-093d50140745,695a04b385ce17cde9c3d16e,d86d6765-59df-45c0-90d1-9939427a4cad,capi,Pending_Approval,Samserganj,MISSING,MISSING,Samserganj,No,Yes,Yes,Yesterday,2026-01-04T06:12:03.386Z,2026-01-03T13:23:28.243Z
8b72201f-646d-46fe-9b9d-96309e30a40b,695a04e9da85bc406de5d8e5,88054673-5346-43ae-9167-8f681c256a71,cati,Pending_Approval,Madarihat,MISSING,MISSING,Madarihat,No,Yes,Yes,Yesterday,2026-01-04T06:12:57.934Z,2026-01-04T06:11:15.484Z
2fa52521-f67b-4eb4-b733-e319ea5950c6,695a0678824c506384f14e7b,cb46b0fb-e38c-45a0-ad2e-c3ef046ce36c,capi,Pending_Approval,Krishnanagar Uttar,MISSING,MISSING,Krishnanagar Uttar,No,Yes,Yes,Yesterday,2026-01-04T06:19:36.408Z,2026-01-04T04:19:07.575Z
62577027-9301-4306-b234-faa11db8a528,695a087cd5cba1fc68974b25,b37a524b-3269-48e5-b951-3f79482961f2,capi,Pending_Approval,MISSING,MISSING,MISSING,(null),Yes,Yes,Yes,Yesterday,2026-01-04T06:28:12.593Z,2026-01-03T13:22:47.417Z
4370c53d-2be7-4e2e-8ad6-59a4eeacdb1f,695a096758d270bd92c3aa29,6a411707-538a-44db-aa82-2376a824b6a7,capi,Pending_Approval,MISSING,MISSING,MISSING,(null),Yes,Yes,Yes,Yesterday,2026-01-04T06:32:07.932Z,2026-01-04T06:31:11.551Z
09d81264-31cb-4186-9f2f-e3e1050146ac,695a09694c5abe90ee3cb00d,cdef8852-4797-4c2b-97a6-4a66d9bee9a0,capi,Pending_Approval,MISSING,MISSING,MISSING,(null),Yes,Yes,Yes,Yesterday,2026-01-04T06:32:09.870Z,2026-01-04T06:31:08.200Z
6e807425-f44c-4cc0-9677-2f488c636d89,695a0c03bcc1ab35414876fe,9a7860d4-588f-499c-8fe7-6a45d2c47ca3,capi,Pending_Approval,MISSING,MISSING,MISSING,(null),Yes,Yes,Yes,Yesterday,2026-01-04T06:43:15.640Z,2026-01-04T06:42:27.809Z
45a6b9db-5809-491f-90c4-ba788d3a9726,695a0c0951f6d936648e2a72,732ad2d8-2765-473d-ac3d-3049f7e871b0,capi,Pending_Approval,MISSING,MISSING,MISSING,(null),Yes,Yes,Yes,Yesterday,2026-01-04T06:43:21.782Z,2026-01-04T06:42:29.343Z
7f8b55b2-878a-4a17-a926-b4789de041d7,695a0c36f7a595b10317356f,c724c16f-d097-4ab4-a445-88248795c8e7,capi,Pending_Approval,MISSING,MISSING,MISSING,(null),Yes,Yes,Yes,Yesterday,2026-01-04T06:44:06.275Z,2026-01-04T06:43:13.647Z
f3ec94ee-5563-4481-9c08-1f2c7e219a24,695a0c3951f6d936648e3107,886a5222-8bf9-4db7-a7bb-1ad495d1ac0e,capi,Pending_Approval,MISSING,MISSING,MISSING,(null),Yes,Yes,Yes,Yesterday,2026-01-04T06:44:09.607Z,2026-01-04T06:43:12.197Z
a0693aa5-e2e1-475d-a628-0fafa51230f5,695a0efad4758ecd490d5c5c,b9868742-604e-42c2-8072-28c2e5db519a,capi,Pending_Approval,MISSING,MISSING,MISSING,(null),Yes,Yes,Yes,Yesterday,2026-01-04T06:55:54.264Z,2026-01-04T06:54:48.806Z
25b2139b-3ff2-49bd-84f5-68ba4418f2cb,695a1068e5462622a60cfb2f,951cd1cc-5089-4847-9e88-594344de24fe,capi,Pending_Approval,MISSING,MISSING,MISSING,(null),Yes,Yes,Yes,Yesterday,2026-01-04T07:02:00.757Z,2026-01-04T07:00:38.097Z
fd3ebc66-338e-4dc3-aeb6-1a92a9504d16,695a11e24f1404ab86a1a716,29efbfdc-95d2-4339-9a00-293e2b4dc218,cati,Pending_Approval,Madarihat,MISSING,MISSING,Madarihat,No,Yes,Yes,Yesterday,2026-01-04T07:08:18.329Z,2026-01-04T04:52:16.309Z
253636d8-ab0f-4aa4-90be-2b15f159655d,695a125d4f1404ab86a1f792,e8c666a7-c3d3-4d42-84b5-88c6df7c98a1,capi,Pending_Approval,MISSING,MISSING,MISSING,(null),Yes,Yes,Yes,Yesterday,2026-01-04T07:10:21.614Z,2026-01-04T07:09:25.321Z
5577e299-27dc-4623-ba2e-ab00e883b2e3,695a1262c1eac4e6b42d9ef3,95a39777-2430-483f-8e91-bae8c2b30201,capi,Pending_Approval,MISSING,MISSING,MISSING,(null),Yes,Yes,Yes,Yesterday,2026-01-04T07:10:26.656Z,2026-01-04T07:09:44.289Z
2da3a1d1-af2f-43df-85ac-59ac2bf56e68,695a1263c1eac4e6b42da55a,7a6d0d8d-5cae-415a-99eb-eb484147ff0b,capi,Pending_Approval,MISSING,MISSING,MISSING,(null),Yes,Yes,Yes,Yesterday,2026-01-04T07:10:27.189Z,2026-01-04T07:09:43.119Z
bd825d3d-8b13-4d63-bb91-0d57f00b6f94,695a126ac1eac4e6b42dabda,37f8a8b1-6f03-48f1-96e6-35c28ba08aeb,capi,Pending_Approval,MISSING,MISSING,MISSING,(null),Yes,Yes,Yes,Yesterday,2026-01-04T07:10:34.986Z,2026-01-04T07:09:45.757Z
a9b93d62-4d88-4603-aa12-cb8e331c8a5a,695a12b2424b97f651f9bb16,487eccd2-5d84-4aa1-9258-03383350e43b,capi,Pending_Approval,MISSING,MISSING,MISSING,(null),Yes,Yes,Yes,Yesterday,2026-01-04T07:11:46.977Z,2026-01-04T07:10:21.901Z
ef591f31-b757-43ae-9827-e0eced2c41e9,695a12b45f4d041b74085b67,178c3dcf-7e96-4540-adb9-8b5ac9b3c586,cati,Pending_Approval,Madarihat,yes_,MISSING,Madarihat,No,No,Yes,Yesterday,2026-01-04T07:11:48.112Z,2026-01-04T07:08:44.220Z
846d451a-aa6f-4f2b-b140-19099f856ccb,695a12b6424b97f651f9c193,c38692ae-c2ac-45f0-a88e-e9f8a4aed521,cati,Pending_Approval,Madarihat,yes_,MISSING,Madarihat,No,No,Yes,Yesterday,2026-01-04T07:11:50.480Z,2026-01-04T07:10:26.025Z
3b4d7471-3e28-4db1-90ea-ffa17c683806,695a12ba424b97f651f9c819,21015ad0-0fa2-434b-8150-09b6fe75aefb,cati,Pending_Approval,Madarihat,MISSING,MISSING,Madarihat,No,Yes,Yes,Yesterday,2026-01-04T07:11:54.459Z,2026-01-04T07:11:18.575Z
74e7695a-eb93-47f8-a080-40975348ed41,695a1308fd8a990832fc1b27,1f1b1736-9e70-47ec-928f-ec80816e937b,cati,Pending_Approval,Madarihat,MISSING,MISSING,Madarihat,No,Yes,Yes,Yesterday,2026-01-04T07:13:12.619Z,2026-01-04T07:11:35.607Z
fe6c2bbe-7b36-4b8e-82b0-4dc5e64f2d52,695a1320f7ce356ff46e699b,d3c18183-0738-4a33-9008-a9b4dcaf8855,cati,Pending_Approval,Madarihat,MISSING,MISSING,Madarihat,No,Yes,Yes,Yesterday,2026-01-04T07:13:36.080Z,2026-01-04T07:12:49.586Z
e74d0492-bef6-47b1-b8b8-10df509b9bb9,695a13651dd95ab411efa174,df183525-2bf0-41eb-8280-a4cfe416f2ef,cati,Pending_Approval,Madarihat,MISSING,MISSING,Madarihat,No,Yes,Yes,Yesterday,2026-01-04T07:14:45.287Z,2026-01-04T07:13:38.260Z
28acc242-a90e-4c46-96fa-64cce89eea17,695a13661dd95ab411efa7f1,24233bf0-fc1c-4522-b389-721d969ffabc,cati,Pending_Approval,Madarihat,MISSING,MISSING,Madarihat,No,Yes,Yes,Yesterday,2026-01-04T07:14:46.174Z,2026-01-04T07:14:15.821Z
70435235-bef7-4755-827a-356d5706e2e5,695a13fd8994077d39aa5d0e,136e7881-728d-4755-a1da-64bdfb00fc51,capi,Pending_Approval,MISSING,MISSING,MISSING,(null),Yes,Yes,Yes,Yesterday,2026-01-04T07:17:17.016Z,2026-01-04T07:16:48.870Z
a76533de-4fe0-4c88-a49b-d0bdcb55de49,695a151a027a3f69ed1867c5,5304d67f-5064-468e-ab0d-39d750e2addb,cati,Pending_Approval,Madarihat,MISSING,MISSING,Madarihat,No,Yes,Yes,Yesterday,2026-01-04T07:22:02.003Z,2026-01-04T07:20:57.556Z
ef01c1f3-23e2-44c1-99e6-ff74899c8cc6,695a158b9b21f47632172767,fcc9d659-4149-4ee1-aa12-9b1db0525491,capi,Pending_Approval,MISSING,MISSING,MISSING,(null),Yes,Yes,Yes,Yesterday,2026-01-04T07:23:55.492Z,2026-01-04T07:10:20.759Z
dce60c22-f995-4249-a155-b507ed1a33b9,695a19ab02bd7e832ac671fd,eab4a558-ea4d-4a52-a596-e40db28d1ff3,capi,Pending_Approval,Chopra,MISSING,MISSING,Chopra,No,Yes,Yes,Yesterday,2026-01-04T07:41:31.446Z,2026-01-04T07:37:10.553Z
c9981acb-6f4e-462f-b38e-8d578085a00b,695a23f248663979bbe15935,4753dcd8-6dab-4d6a-9cc4-45d4dfaaf046,capi,Pending_Approval,MISSING,MISSING,MISSING,(null),Yes,Yes,Yes,Yesterday,2026-01-04T08:25:22.813Z,2026-01-03T12:12:26.613Z
18e1d934-9f69-40d0-a3e9-5298e9764805,695a27c209e13a7212a4c282,511b3ad2-4edd-47cd-995a-39e4ae3097db,capi,Pending_Approval,Basirhat Dakshin,MISSING,35,Basirhat Dakshin,No,Yes,No,Yesterday,2026-01-04T08:41:38.744Z,2026-01-04T08:40:12.680Z
b5f6559d-5f7d-4743-a06e-d5f00d5bd868,695a2e0d9ffd76e27aad7c15,7fa82e18-65ce-49f6-a04c-741a4d9a3b9f,capi,Pending_Approval,Durgapur Paschim,MISSING,MISSING,Durgapur Paschim,No,Yes,Yes,Yesterday,2026-01-04T09:08:29.039Z,2026-01-04T06:44:42.810Z
6d775ee9-deae-4de9-b8be-2e42012c19bc,695a3a526e6e29e5e7c8699e,07570ab7-248e-4604-bfa2-cc2f2391ace5,capi,Pending_Approval,MISSING,MISSING,MISSING,(null),Yes,Yes,Yes,Yesterday,2026-01-04T10:00:50.571Z,2026-01-04T10:00:26.703Z
f4aa07d0-7e12-4c58-961e-2c1382d62689,695a3b3b8268caf4ffd7b982,c026e11e-1950-488a-b772-9489d931335e,capi,Pending_Approval,Basirhat Dakshin,MISSING,MISSING,Basirhat Dakshin,No,Yes,Yes,Yesterday,2026-01-04T10:04:43.110Z,2026-01-04T10:03:21.931Z
bb233584-a49f-4070-ae9b-d6f57fc6b7e6,695a3be8c9e09039a36fdd02,a86d63f4-dec5-4c1b-8fe4-1161c84fce70,capi,Pending_Approval,MISSING,MISSING,MISSING,(null),Yes,Yes,Yes,Yesterday,2026-01-04T10:07:36.791Z,2026-01-04T10:07:26.222Z
6c32ef0e-1346-4110-8ae8-f85c0482ef47,695a3d4b621318537e61c5c0,4f627e23-0c10-4adf-bf8d-9d851128c65a,capi,Pending_Approval,Baranagar,MISSING,MISSING,Baranagar,No,Yes,Yes,Yesterday,2026-01-04T10:13:31.211Z,2025-12-25T11:52:15.268Z
7149277d-e0b1-479c-bae2-e3a9159c07e3,695a4443210bc6c9654beede,12b280c1-7185-4009-b186-fe827591ba04,capi,Pending_Approval,Baranagar,MISSING,MISSING,Baranagar,No,Yes,Yes,Yesterday,2026-01-04T10:43:15.381Z,2025-12-25T11:52:11.768Z
1f78446d-5689-47c9-a96c-85109491f8aa,695a468ff74b8b19930f1a67,1b96c9a2-b158-46e6-add0-09dee85ce6fc,capi,Pending_Approval,MISSING,MISSING,MISSING,(null),Yes,Yes,Yes,Yesterday,2026-01-04T10:53:03.911Z,2026-01-04T10:51:30.357Z
6755c4c5-3c31-403d-a501-1fdca903da62,695a4a7a0ce33c402257286e,019a0f6d-1fc8-4afc-b77d-bb9fa4f316ad,capi,Pending_Approval,Basirhat Dakshin,MISSING,MISSING,Basirhat Dakshin,No,Yes,Yes,Yesterday,2026-01-04T11:09:46.767Z,2026-01-04T11:09:03.858Z
29acaccd-dddc-47b3-a754-aecbd7cf164e,695a5cda5ab3e82018f1b8bf,offline_1767529678274_z9i1qsrvt,capi,Pending_Approval,MISSING,MISSING,MISSING,(null),Yes,Yes,Yes,Yesterday,2026-01-04T12:28:10.666Z,2026-01-04T12:26:19.226Z
45ca8550-144a-42a5-befe-ed038a718f6a,695a6bd9d2ddaa864c1169d8,81e4b4bf-057c-428b-8eef-5d061cb1bf84,capi,Pending_Approval,Asansol Dakshin,MISSING,MISSING,Asansol Dakshin,No,Yes,Yes,Yesterday,2026-01-04T13:32:09.991Z,2026-01-04T12:01:54.928Z
b2025ac3-9f1c-4b33-9653-41a37a749755,695a6ff2beeb49170b214d49,offline_1767534497026_ydftpd81l,capi,Pending_Approval,Asansol Dakshin,MISSING,MISSING,Asansol Dakshin,No,Yes,Yes,Yesterday,2026-01-04T13:49:38.015Z,2026-01-04T12:15:15.354Z
150a0b49-82bb-458c-8477-59502d4b53c1,695a705024fef5f5f8c5ca8e,73b8e24e-01a0-4c5c-92e7-2bb266527c1f,capi,Pending_Approval,Asansol Dakshin,MISSING,MISSING,Asansol Dakshin,No,Yes,Yes,Yesterday,2026-01-04T13:51:12.687Z,2026-01-04T12:23:14.755Z
38005a43-c73d-4dfc-ae1f-d521df1f9072,695a7603a235992f86479382,fbb9d073-29a7-427b-b738-3ff1fad5038e,capi,Pending_Approval,MISSING,MISSING,MISSING,(null),Yes,Yes,Yes,Yesterday,2026-01-04T14:15:31.162Z,2026-01-03T10:34:02.958Z
b52c4443-3f9a-4a4e-b058-bf7ee44b2e28,695a760941fa0e61e91b92a8,ea50cc89-1572-4215-b6e5-df9c1743a96d,capi,Pending_Approval,Shyampukur,MISSING,MISSING,Shyampukur,No,Yes,Yes,Yesterday,2026-01-04T14:15:37.043Z,2026-01-03T10:36:26.435Z
2d1f667d-7f12-4f1a-aece-9571843931f9,695a762df2d88015b7de6d89,2803a1eb-6600-4710-a5c1-a0b16f6143ea,capi,Pending_Approval,Entally,MISSING,MISSING,Entally,No,Yes,Yes,Yesterday,2026-01-04T14:16:13.319Z,2026-01-03T10:39:53.513Z
69c64f03-99e0-4c7e-915d-cc129ba20f0a,695a7634a235992f8647c0d3,13281791-3e1b-413d-8cee-cadfece5afb3,capi,Pending_Approval,Shyampukur,MISSING,MISSING,Shyampukur,No,Yes,Yes,Yesterday,2026-01-04T14:16:20.060Z,2026-01-03T11:36:02.619Z
0151008d-4d8a-453a-aa33-f5f6c4ec30f3,695a7669cd00b3c23b930a2a,cb0e5a84-8770-490a-9c83-12ec0477f65b,capi,Pending_Approval,MISSING,MISSING,MISSING,(null),Yes,Yes,Yes,Yesterday,2026-01-04T14:17:13.368Z,2026-01-03T11:44:33.195Z
987ee47b-83fc-4038-9e86-d226cdcfd7f1,695a821c1c35e89f844394f6,41a677c6-d630-4d26-ad25-9fdac5f912cb,capi,Pending_Approval,Asansol Dakshin,MISSING,20,Asansol Dakshin,No,Yes,No,Yesterday,2026-01-04T15:07:08.505Z,2026-01-04T07:38:20.200Z
0ee891af-948a-4ecc-b3ff-2bc109aca185,695a5a46ac2fa124d86c654b,2bf600e0-80ed-45f7-b2dc-100b23052bfc,capi,Rejected,MISSING,MISSING,MISSING,(null),Yes,Yes,Yes,Yesterday,2026-01-04T12:17:10.679Z,2026-01-04T12:08:46.422Z